food_id,food_name_en,ingredients_en,,description_en,,main_category_en,calorie_category,rating_avg,calories_per_100g,fats_per_100g,protein_per_100g,carbs_per_100g
1,Koshari,"Pasta, lentils, rice, tomato sauce, fried onions",,"A famous Egyptian dish combining pasta, lentils, rice, tomato sauce, and fried onions.",,Vegetarian,Medium,4.7,140,3.3,4.3,23.3
2,Molokhia,"Molokhia leaves, garlic, chicken broth",,A traditional soup made from jute leaves cooked with garlic and broth.,,Vegetarian,Low,4.5,35,0.2,3.5,6.5
3,Falafel,"Fava beans, onion, parsley, coriander",,Fried patties made from fava beans and herbs.,,Vegetarian,Medium,4.6,333,17.8,13.3,31.8
4,Fattah,"Rice, toasted bread, tomato sauce, meat",,"A celebratory Egyptian dish made with rice, toasted bread, tomato sauce, and meat.",,Meat,High,4.4,177,4.7,9.8,22.8
5,Stuffed Cabbage,"Cabbage, rice, tomato sauce, onion",,"Cabbage leaves stuffed with rice, herbs, and tomato sauce.",,Vegetarian,Medium,4.3,99,2.8,2,16.8
6,Feteer Meshaltet,"Flour, butter, water, salt",,Traditional Egyptian pastry served with honey or cheese,,Pastry,High,4.6,368,19.8,7.2,42.1
7,Duck with Orange,"Duck, orange, butter, garlic",,Duck cooked with orange sauce,,Poultry,High,4.3,337,28.4,19,0
8,Stuffed Pigeon,"Pigeon, rice, liver, onion",,Pigeon stuffed with spiced rice,,Poultry,High,4.7,194,8.1,14.9,14.3
9,Peas with Carrots,"Peas, carrots, tomato sauce",,Light dish served with rice,,Vegetarian,Low,4.2,84,0.2,5.4,15.6
10,Rice with Milk,"Rice, milk, cream, sugar",,Rice baked with milk and cream,,Dessert,High,4.5,112,2.7,3.3,19.4
11,Macarona Béchamel,"Pasta, minced meat, béchamel sauce",,Pasta with minced meat and creamy sauce,,Pasta,High,4.6,218,11.1,13.6,18.8
12,Fried Fish,"Fish, flour, oil",,Fried fish served with rice and salad,,Seafood,Medium,4.4,205,10.5,22,7.5
13,Lentil Soup,"Lentils, onion, carrot, cumin",,Warm and nutritious soup,,Soup,Low,4.7,93,0.8,7.5,15.3
14,French Fries,"Potatoes, oil, salt",,Crispy fried potatoes,,Vegetarian,High,4.8,312,14.7,3.4,41.4
15,Egyptian Sushi,"Rice, smoked fish, seaweed",,Egyptian version of sushi,,Seafood,Medium,4,143,1.4,6.1,24.1
16,Baked Potatoes,"Potatoes, butter, herbs",,Oven-baked potatoes,,Vegetarian,Medium,4.3,150,4.5,3,25
17,Okra with Meat,"Okra, meat, tomato sauce",,Okra cooked with meat,,Meat,Medium,4.6,142,7.1,14.8,9.7
18,Alexandrian Liver,"Liver, garlic, pepper, vinegar",,Spicy Alexandrian-style liver,,Meat,Medium,4.7,165,6.5,24.5,3.5
19,Creamy Chicken Soup,"Chicken, cream, onion",,Rich and warm creamy soup,,Soup,Medium,4.5,87,4.9,4.1,7.2
20,Basbousa,"Semolina, sugar, butter, syrup",,Famous oriental dessert for occasions,,Dessert,High,4.9,345,14.1,4.8,52.3
21,Stuffed Grape Leaves,"grape leaves, rice, onion, tomato, olive oil, spices",,A light oriental dish stuffed with rice and spices cooked in olive oil.,,Vegetarian,Low,4.4,99,2.8,2,16.8
22,Chicken Kabsa,"chicken, basmati rice, tomato, kabsa spices, onion",,A famous Saudi dish of spiced rice and chicken.,,Poultry,Medium,4.7,162,5.4,12.8,18.7
23,Grilled Fish,"fish, lemon, garlic, oil, spices",,Fresh grilled fish seasoned with herbs and lemon.,,Seafood,Medium,4.8,124,2.7,23,0
24,Fattoush Salad,"lettuce, tomato, cucumber, onion, toasted bread, pomegranate molasses",,A refreshing Levantine salad with toasted bread and pomegranate molasses.,,Vegetarian,Low,4.6,85,3.5,2.5,13
25,Margherita Pizza,"dough, mozzarella cheese, tomato, basil",,Classic Italian pizza with tomato and basil flavor.,,Pastry,High,4.5,276,13.8,11.2,27.9
26,Kunafa,"vermicelli, cheese, syrup, ghee",,Traditional dessert with crispy layers and cheese filling.,,Dessert,High,4.9,350,18.2,7.4,42.8
28,Tomato Soup,"tomato, onion, garlic, olive oil, salt",,A simple and comforting tomato-flavored soup.,,Soup,Low,4.3,52,1.4,1.9,8.9
29,Molokhia with Rabbit,"molokhia, rabbit, garlic, coriander, broth",,Traditional Egyptian dish made from molokhia and rabbit.,,Meat,Medium,4.8,35,0.2,3.5,6.5
30,Tabbouleh Salad,"bulgur, parsley, mint, tomato, lemon",,A refreshing Levantine salad rich in herbs and lemon flavor.,,Vegetarian,Low,4.5,80,4,2.5,10
31,Peas with Carrots Stew and meat,"peas, carrots, minced meat, tomato",,A homemade-style stew of peas and carrots with tomato sauce and meat.,,Meat,Medium,4.4,133,6.8,12.7,7.9
32,Mashed Potatoes,"potatoes, milk, butter, salt",,Smooth mashed potatoes served as a side dish.,,Vegetarian,Medium,4.3,120,5,2.5,16
33,Green Salad,"lettuce, tomato, cucumber, carrot, olive oil",,A simple and refreshing salad served alongside most dishes.,,Vegetarian,Low,4.6,25,1.5,1.5,3
34,Minced Meat Pizza,"dough, minced meat, onion, pepper, cheese",,"A rich, meaty pizza with Arabic flavor.",,Pastry,High,4.7,276,13.8,11.2,27.9
35,Moussaka,"eggplant, minced meat, tomato, onion, garlic",,Traditional Egyptian dish of fried eggplant with minced meat and tomato sauce.,,Meat,Medium,4.6,250,15,26,0
38,Veggie Pizza,"dough, tomato, bell pepper, olives, cheese, mushroom",,Vegetarian pizza loaded with fresh vegetables.,,Pastry,Medium,4.6,276,13.8,11.2,27.9
40,Meat Goulash,"filo pastry, minced meat, onion, butter, egg",,Crispy Egyptian pie stuffed with minced meat.,,Pastry,High,4.8,312,16.4,7.8,36.2
41,Pepperoni Pizza,"dough, mozzarella, tomato sauce, pepperoni",,One of the most famous pizzas with the taste of pepperoni.,,Pastry,High,4.8,312,16.4,7.8,36.2
42,BBQ Chicken Pizza,"dough, chicken, BBQ sauce, cheese, red onion",,Pizza with rich BBQ flavor and grilled chicken.,,Pastry,High,4.7,276,13.8,11.2,27.9
43,Caesar Salad,"lettuce, grilled chicken, parmesan, croutons, caesar dressing",,Famous salad with grilled chicken and caesar dressing.,,Poultry,Medium,4.8,185,14,10,7
45,Foul Medames,"fava beans, oil, tomato, lemon, cumin",,A traditional Egyptian dish made from slow-cooked fava beans.,,Vegetarian,Medium,4.9,110,0.7,7.6,19.7
46,Singari Fish,"fish, tomato, onion, garlic, lemon",,Grilled Alexandrian-style fish with tangy flavors.,,Seafood,Medium,4.8,116,2.6,22,1.7
47,Baked Pasta with Meat,"pasta, minced meat, cheese, tomato sauce",,Baked pasta topped with cheese and rich tomato sauce.,,Pasta,High,4.6,124,2.9,4.2,20.8
48,Vegetable Omelette,"eggs, onion, pepper, tomato, parsley",,"A light, nutritious meal with eggs and fresh vegetables.",,Vegetarian,Medium,4.4,150,10,9.5,5
49,Egyptian Beef Stew,"beef, onion, spices, oil, pepper",,Traditional Egyptian beef stew cooked slowly with onions and spices.,,Meat,Medium,4.9,258,16.5,25.6,0
50,Creamy Chicken Soup,"chicken, cream, onion, black pepper",,Warm creamy soup with tender chicken pieces.,,Soup,High,4.7,87,4.9,4.1,7.2
51,Yellow Lentil Koshari,"rice, yellow lentils, pasta, fried onion",,A lighter version of Egyptian Koshari using yellow lentils.,,Vegetarian,Medium,4.5,140,3.3,4.3,23.3
52,Shrimp Curry,"shrimp, curry, coconut, garlic, onion",,A flavorful seafood dish with Indian spices and coconut milk.,,Seafood,High,4.5,99,0.3,24,0.2
53,Greek Salad,"cucumber, tomato, olives, feta cheese, olive oil",,"A light, refreshing salad with Mediterranean flavors.",,Vegetarian,Low,4.6,265,21.5,14.2,3.9
54,Mahalabia,"milk, starch, sugar, vanilla, nuts",,A smooth and beloved Middle Eastern dessert.,,Dessert,High,4.7,119,3.9,3.8,18.2
55,Zucchini Gratin,"zucchini, bechamel, cheese, milk",,A light and healthy dish rich in calcium.,,Vegetarian,Medium,4.2,218,11.1,13.6,18.8
56,Tori Casserole,"Potatoes, zucchini, eggplant, carrots, tomato sauce",,An Egyptian mixed vegetable casserole baked in tomato sauce,,Vegetarian,Low,4.5,65,2.5,2,10
59,Fattah Kawarea,"Cow trotters, rice, toasted bread, garlic, vinegar",,"Traditional Egyptian dish made with cow trotters, rice, and garlic vinegar sauce",,Meat,High,4.8,177,4.7,9.8,22.8
60,Mombar,"Intestines, rice, onions, tomatoes, spices",,Stuffed beef intestines filled with rice and spices,,Meat,High,4.7,280,22,17,3
62,Zalabia,"Flour, sugar, yeast, oil, syrup",,Fried dough balls dipped in syrup,,Dessert,High,4.8,350,18,4.5,45
63,Eggs with Onions and Tomato,"Eggs, onion, tomato, oil",,Egyptian-style scrambled eggs with onion and tomato,,Vegetarian,Medium,4.6,155,11,9,5
64,Foul with Tomato & Chili,"Fava beans, tomato, chili, oil",,Fava beans sautéed with tomato and chili,,Vegetarian,Medium,4.5,115,1,7.5,20
65,Alexandrian Sausage,"Local sausage, onion, pepper, tomato",,"Sausages stir-fried with vegetables, Alexandrian style",,Meat,Medium,4.6,301,25.6,17.9,1.8
66,Konafa with Cream,"Konafa, cream, sugar, butter",,Konafa filled with cream and nuts,,Dessert,High,4.9,350,18.2,7.4,42.8
67,Okra Stew with Lamb,"Okra, lamb, tomato sauce",,Okra and lamb stew baked in a clay pot,,Meat,Medium,4.7,142,7.1,14.8,9.7
70,Baba Ghanoush,"Roasted eggplant, tahini, garlic, lemon",,Mashed roasted eggplant salad with tahini,,Vegetarian,Low,4.7,107,8.9,2.4,6.2
72,Upper Egypt Kishk,"Milk, flour, fried onions",,"Upper Egyptian dish made from milk, flour, and fried onions",,Vegetarian,Medium,4.5,130,4.5,6.5,17
73,Pumpkin with Béchamel,"Pumpkin, sugar, béchamel, milk",,Egyptian dessert made with pumpkin and béchamel,,Dessert,High,4.8,218,11.1,13.6,18.8
74,Orzo with Liver & Gizzards,"Orzo pasta, liver, gizzards, onion",,Popular Egyptian orzo with liver and gizzards,,Meat,Medium,4.5,195,10,20,4
75,Sayadeya Rice,"Rice, fish, onion, sauce",,Egyptian fish rice with caramelized onions,,Seafood,Medium,4.8,158,4.2,15.3,17.9
76,Eid Kahk,"Flour, butter, powdered sugar, sesame",,Traditional Egyptian Eid cookies,,Dessert,High,4.9,445,22,7,57
77,Vanilla Mahalabia,"Milk, starch, sugar, vanilla",,Egyptian milk pudding flavored with vanilla,,Dessert,Medium,4.7,119,3.9,3.8,18.2
78,Soft Oras Bread,"Flour, butter, milk, yeast",,Soft Egyptian bread served with honey or cheese,,Pastry,Medium,4.8,312,16.4,7.8,36.2
79,Moussaka with Béchamel,"Eggplant, minced meat, béchamel",,Egyptian moussaka baked with béchamel,,Meat,High,4.8,218,11.1,13.6,18.8
80,Alexandrian Koshari,"Pasta, lentils, potatoes, chili",,Alexandrian version of koshari without rice,,Vegetarian,Medium,4.7,140,3.3,4.3,23.3
81,Karkade (Hibiscus Drink),"Dried hibiscus flowers, water, sugar",,"A popular, tangy, and refreshing Egyptian drink, served hot or cold.",,Juices & Cold Drinks,Medium,4.7,37,0,0.4,9.1
82,Tamarind Drink,"Tamarind paste, water, sugar",,"A classic Ramadan drink, known for its sweet and sour taste.",,Juices & Cold Drinks,Medium,4.6,47,0.1,0.4,11.8
83,Khoshaf,"Dried figs, dates, apricots, raisins, nuts, water/milk",,"A sweet fruit salad drink, traditionally served in Ramadan.",,Ramadan Drinks,Medium,4.8,150,0.5,1.5,35
84,Sugarcane Juice,Sugarcane stalks,,One of the most common and refreshing street drinks in Egypt.,,Juices & Cold Drinks,High,4.5,76,0,0.1,19.2
85,Sahlab,"Milk, sahlab powder (starch), sugar, topped with nuts and cinnamon",,"A thick, creamy, warm winter drink, very popular in cold weather.",,Hot Drinks,High,4.7,98,3.2,3.1,14.7
86,Turkish Coffee,"Fine ground coffee, water, sugar (optional)",,"The traditional way of preparing coffee in Egypt, served in a small cup.",,Hot Drinks,Low,4.4,1,0,0.1,0
87,Mint Tea,"Black tea, water, sugar, fresh mint leaves",,"The daily ritual hot drink in Egypt, usually strong and sweet.",,Hot Drinks,Low,4.6,1,0,0,0.3
88,Doum Drink,"Ground doum fruit, water, sugar",,"A slightly sweet and earthy flavored drink, typically served cold.",,Juices & Cold Drinks,Medium,4.5,49,0.1,0.4,12.1
89,Sobia,"Rice/Bread soaked in water, coconut milk, sugar, vanilla",,"A sweet, creamy, coconut-flavored drink, a Ramadan staple.",,Ramadan Drinks,Medium,4.6,89,1.8,1.6,17.2
90,Helba (Fenugreek Drink),"Fenugreek seeds, water, honey or sugar",,"A warm, herbal, slightly bitter drink, often consumed for its health benefits.",,Hot Drinks,Medium,4.3,26,0.4,1.8,4.3
91,Banana with Milk Juice,"Banana, milk, sugar, ice",,"A creamy and nutritious classic Egyptian juice, often served blended cold.",,Juices & Cold Drinks,High,4.8,49,0.1,0.4,12.1
92,Mango Juice,"Mango fruit, water, sugar (optional)",,"The king of Egyptian summer juices, usually thick and rich.",,Juices & Cold Drinks,Medium,4.9,60,0.2,0.4,14.8
93,Guava Juice,"Guava fruit, milk, sugar",,"A popular thick, sweet, and milky juice, often served cold.",,Juices & Cold Drinks,Medium,4.7,52,0.4,0.6,12.3
94,Lemon with Mint Juice,"Lemon juice, water, sugar, fresh mint",,"A highly refreshing cold drink, famous for its cooling effect.",,Juices & Cold Drinks,Low,4.6,22,0.1,0.3,6.9
95,Carob (Kharoub) Drink,"Carob pods, water, sugar",,"A dark, sweet, and refreshing drink, another Ramadan favorite.",,Ramadan Drinks,Medium,4.5,49,0.1,0.4,12.1
96,Erk Sous (Licorice Drink),"Licorice root, water, baking soda",,"A foamy, dark, and slightly bitter drink, popular with street vendors.",,Juices & Cold Drinks,Low,4.4,38,0,0.2,9.4
97,Hot Chocolate,"Milk, cocoa powder, sugar, cream (optional)",,"A popular international hot drink, widely consumed in winter in Egypt.",,Hot Drinks,High,4.6,77,2.3,3.2,10.7
98,Ginger Drink,"Fresh ginger, hot water, lemon, honey",,"A warming and medicinal hot drink, often taken in cold weather.",,Hot Drinks,Low,4.3,5,0,0.1,1.2
99,Anise Drink (Yansoun),"Anise seeds, hot water, sugar",,"A soothing herbal drink, commonly used for relaxation or digestion.",,Hot Drinks,Low,4.2,3,0,0.1,0.7
100,Black Tea (Sada),"Black tea, hot water",,"The simplest form of the daily Egyptian tea, without milk or sugar.",,Hot Drinks,Low,4.1,1,0,0,0.3
101,Milk with Honey,"Milk, honey",,"A simple, nutritious, and warming drink, popular for breakfast.",,Hot Drinks,Low,4.5,90,2.5,3.5,14
102,Hot Nescafe,"Instant coffee, hot water, sugar, milk (optional)",,"The modern Egyptian coffee fix, often served with a lot of foam.",,Hot Drinks,Low,4.4,18,0.4,0.6,3.2
103,Apple Juice,"Apple fruit, water, sugar (optional)",,A common and healthy fresh juice available in most juice shops.,,Juices & Cold Drinks,Low,4.3,46,0.1,0.1,11.3
104,Orange Juice,"Orange fruit, ice (optional)",,"The universally loved citrus juice, a breakfast staple.",,Juices & Cold Drinks,Low,4.8,45,0.1,0.7,10.4
105,Watermelon Juice,"Watermelon chunks, ice (optional)",,A highly hydrating and refreshing summer juice.,,Juices & Cold Drinks,Low,4.7,49,0.1,0.4,12.1
106,Strawberry Juice,"Strawberries, water, sugar, ice",,"A bright, sweet, and popular seasonal juice.",,Juices & Cold Drinks,Medium,4.6,33,0.2,0.7,7.7
107,Lemonade,"Lemon juice, water, sugar, ice",,The simple and classic refreshing cold drink.,,Juices & Cold Drinks,Low,4.5,22,0.1,0.3,6.9
108,Avocado Smoothie,"Avocado, milk, honey, nuts",,"A thick, rich, and healthy smoothie, gaining popularity.",,Smoothies & Shakes,High,4.8,160,14.7,2,8.5
109,Date MilkSmoothie,"Dates, milk, honey (optional)",,"A sweet and energy-boosting drink, often consumed before a workout.",,Smoothies & Shakes,High,4.7,94,1.2,2.8,18.4
110,Fig Juice,"Fresh figs, milk, sugar",,"A seasonal, rich, and sweet juice, less common than others.",,Smoothies & Shakes,Medium,4.4,94,1.2,2.8,18.4
111,Pomegranate Juice,"Pomegranate seeds, water, sugar (optional)",,"A tart and healthy juice, gaining more popularity recently.",,Juices & Cold Drinks,Medium,4.6,54,0.3,0.4,13.1
112,Clove Tea,"Black tea, water, sugar, cloves",,"A spiced hot tea, known for its strong aroma and warming effect.",,Hot Drinks,Low,4.3,1,0,0,0.3
113,Milk with Sahlab and Ginger,"Milk, sahlab powder, ginger, sugar",,"A highly warming winter drink, mixing sahlab's creaminess with ginger's spice.",,Hot Drinks,High,4.8,98,3.2,3.1,14.7
114,Instant Coffee (Mocha/Latte),"Instant coffee, milk, chocolate/flavor syrup, sugar",,"Modern, cafe-style coffee drinks, widely popular in cities.",,Hot Drinks,Medium,4.5,38,1.5,1.9,4.7
115,Apple and Cinnamon Hot Drink,"Hot water, apple pieces, cinnamon sticks, honey",,"A sweet, fruity, and aromatic warm drink, great for relaxation.",,Hot Drinks,Low,4.4,12,0.3,0.2,2.8
116,Chamomile Tea,"Chamomile flowers, hot water, honey (optional)",,"A soothing and calming herbal infusion, often taken before sleep.",,Hot Drinks,Low,4.2,1,0,0,0.3
117,Prickly Pear Juice,"Prickly pear fruit, water, sugar",,"A seasonal, sweet, and mild-flavored juice.",,Juices & Cold Drinks,Medium,4.5,49,0.1,0.4,12.1
118,Dates and Figs Drink,"Dates, figs, milk, sugar",,"A thick, sweet, and energy-dense beverage.",,Smoothies & Shakes,High,4.7,94,1.2,2.8,18.4
119,Lemon with Honey Hot Drink,"Lemon juice, hot water, honey",,A comforting and popular remedy for sore throats and colds.,,Hot Drinks,Low,4.4,18,0.4,0.6,3.2
120,Cinnamon Drink,"Cinnamon sticks/powder, hot water, sugar",,"A warming and fragrant hot drink, great for circulation.",,Hot Drinks,Low,4.3,12,0.3,0.2,2.8
121,Mint Drink (Dried Mint),"Dried mint leaves, hot water, sugar",,"A simple, digestive, and refreshing hot herbal drink.",,Hot Drinks,Low,4.2,18,0.4,0.6,3.2
122,Hot Milk,Milk,,"Plain hot milk, often consumed by children or before sleep.",,Hot Drinks,Medium,4.3,18,0.4,0.6,3.2
123,Coffee with Milk (French Coffee),"Coffee, milk, water, sugar",,"A creamy, lighter version of Turkish coffee, often called 'French'.",,Hot Drinks,Medium,4.6,38,1.5,1.9,4.7
124,Grape Juice,"Grapes, water, sugar (optional)",,"A sweet and nutritious juice, widely consumed during the summer.",,Juices & Cold Drinks,Medium,4.5,49,0.1,0.4,12.1
125,Kiwi Juice,"Kiwi fruit, water, sugar",,"A slightly tart, green, and refreshing juice, gaining popularity.",,Juices & Cold Drinks,Medium,4.6,49,0.1,0.4,12.1
126,Pineapple Juice,"Pineapple, water, sugar",,"A tropical, sweet-tart juice, often used in cocktails.",,Juices & Cold Drinks,Medium,4.4,46,0.1,0.1,11.3
127,Mixed Fruit Smoothie,"Mixed fruits (e.g., banana, mango, strawberry), milk, honey",,"A nutrient-dense, thick, and customizable blend.",,Smoothies & Shakes,High,4.8,89,0.3,1.1,22.8
128,Fig and Honey Hot Drink,"Dried figs, hot water, honey",,A traditional remedy for coughs and throat soothing.,,Hot Drinks,Medium,4.3,18,0.4,0.6,3.2
129,Ginger with Cinnamon,"Ginger, cinnamon, hot water, honey",,"A potent, warming, and immune-boosting winter drink.",,Hot Drinks,Low,4.5,12,0.3,0.2,2.8
130,Green Tea,"Green tea leaves/bag, hot water",,"A healthy, non-fermented tea, popular for weight loss and health benefits.",,Hot Drinks,Low,4.4,1,0,0,0.3
131,Espresso,"Finely ground coffee, hot water (pressurized)",,"A concentrated coffee shot, popular in modern cafes.",,Hot Drinks,Low,4.3,18,0.4,0.6,3.2
132,Turkish Coffee with Cardamom,"Coffee, water, sugar, cardamom",,"A spiced version of Turkish coffee, common in some regions.",,Hot Drinks,Low,4.5,1,0,0.1,0
133,Beetroot Juice,"Beetroot, orange/apple, water",,"A vibrant, earthy, and highly nutritious juice blend.",,Juices & Cold Drinks,Medium,4.6,49,0.1,0.4,12.1
134,Celery Juice,"Celery stalks, water, lemon",,"A very low-calorie, healthy, and somewhat modern juice trend.",,Juices & Cold Drinks,Low,4.1,49,0.1,0.4,12.1
135,Carrot Juice,"Carrots, water, orange (optional)",,"A sweet and vitamin-rich juice, often mixed with other fruits.",,Juices & Cold Drinks,Medium,4.5,40,0.2,0.9,9.3
136,Espresso Macchiato,"Espresso, dash of steamed milk",,"A strong coffee with a small amount of milk foam, popular in cafes.",,Hot Drinks,Low,4.4,35,1.5,1.5,4.5
137,Chocolate MilkSmoothie,"Milk, chocolate ice cream, chocolate syrup",,"A rich, cold, and indulgent dessert drink.",,Smoothies & Shakes,High,4.7,94,1.2,2.8,18.4
138,Vanilla MilkSmoothie,"Milk, vanilla ice cream, vanilla extract",,"A simple, creamy, and cooling sweet drink.",,Smoothies & Shakes,High,4.6,94,1.2,2.8,18.4
139,Strawberry and Banana Smoothie,"Strawberries, banana, milk, ice",,"A classic, thick, and very popular smoothie combination.",,Smoothies & Shakes,High,4.9,89,0.3,1.1,22.8
140,Iced Lemonade,"Lemon juice, water, sugar, crushed ice",,A super cold and essential summer refresher.,,Juices & Cold Drinks,Low,4.6,22,0.1,0.3,6.9
142,Peanut Butter-Date Power Up,"Dates, peanut butter, whole milk, ice",,"High-calorie, energy-dense Egyptian-friendly shake, great for pre-workout.",,Smoothies & Shakes,High,4.9,280,14,9,33
145,Simple Apple-Peanut Butter Smoothie,"Apple (sliced), peanut butter, water or low-fat milk, cinnamon",,"A simpler, lower-fat option that's great for sustained energy throughout the day.",,Smoothies & Shakes,Medium,4.6,220,10,6,30
146,Strawberry-PB Energy Blend,"Frozen strawberries, peanut butter, milk, oats (optional)",,A tasty shake combining sweet berries with high-calorie peanut butter for quick fuel.,,Smoothies & Shakes,Medium,4.8,210,9.5,6,28
150,Simple Peanut Butter Power Smoothie,"Peanut butter (extra spoon), banana, milk (extra), honey",,"Maximum calories from the easiest ingredients: focusing on fat, carbs, and protein.",,Smoothies & Shakes,High,5,330,18,12,32
151,Spinach Casserole with Meat,"Spinach, minced meat, onion, tomato",,A hearty casserole made with spinach and minced meat,,Meat,Medium,4.6,250,15,26,0
152,Creamy Zucchini Soup,"Zucchini, cream, onion, broth",,Smooth creamy zucchini soup,,Soup,Low,4.5,54,1.7,3.2,7.4
153,Chicken Crepe,"Crepe, chicken, cheese, pepper",,Savory crepe stuffed with chicken and cheese,,Poultry,Medium,4.7,210,8.5,16,18
154,Curry Potatoes,"Potatoes, curry, onion, garlic",,Spicy Indian-style curry potatoes,,Vegetarian,Medium,4.4,145,5,3,22
156,Fried Garlic Shrimp,"Shrimp, garlic, oil, lemon",,Fried shrimp with garlic and lemon,,Seafood,Medium,4.8,228,14.2,16.8,9.7
157,Chicken Mushroom Pizza,"Dough, chicken, mushroom, cheese",,Pizza topped with chicken and mushrooms,,Pastry,High,4.6,276,13.8,11.2,27.9
159,Chickpea Fattah,"Chickpeas, toasted bread, yogurt, tahini",,Vegetarian fattah with chickpeas and yogurt,,Vegetarian,Medium,4.6,166,9.6,7.9,14.3
160,Turkish Chicken Kebab,"Chicken, spices, yogurt, lemon",,Turkish-style marinated chicken kebab,,Poultry,High,4.8,165,3.6,31,0
161,Arabic Beef Shawarma,"Beef, spices, onion, tahini",,Arabic-style marinated beef shawarma,,Meat,High,4.7,215,11.2,21.8,9.4
162,Egyptian Lentil Soup,"Lentils, onion, carrot, cumin",,Warm and healthy lentil soup,,Soup,Low,4.9,93,0.8,7.5,15.3
163,Fresh Fruit Salad,"Apple, banana, grapes, orange",,Refreshing vitamin-rich fruit salad,,Dessert,Low,4.8,65,0.3,1,16
164,Grilled Lemon Fish,"Fish, lemon, olive oil, spices",,Healthy grilled fish with lemon,,Seafood,Medium,4.9,124,2.7,23,0
165,Herb Grilled Chicken,"Chicken, herbs, olive oil, garlic",,Grilled chicken with aromatic herbs,,Poultry,Medium,4.7,165,3.6,31,0
166,Chicken Caesar Salad,"Lettuce, chicken, cheese, Caesar dressing",,Classic chicken Caesar salad,,Salad,Medium,4.8,87,5.2,5.9,4.8
168,Baked Potatoes,"Potato, oil, pepper, salt",,Crispy and healthy baked potatoes,,Vegetarian,Medium,4.4,105,2,2.5,20
169,Salmon Sushi,"Rice, salmon, rice vinegar, seaweed",,Fresh salmon sushi,,Seafood,Medium,4.9,143,1.4,6.1,24.1
170,Veggie Omelette,"Egg, pepper, onion, spinach",,Egg omelette with mixed vegetables,,Vegetarian,Medium,4.7,140,9.5,9,4.5
171,Lebanese Falafel,"Chickpeas, onion, parsley, spices",,Crispy Lebanese falafel,,Vegetarian,Medium,4.9,333,17.8,13.3,31.8
172,Beef Burger,"Beef, bread, lettuce, cheese",,Classic beef burger,,Meat,High,4.8,295,17.5,20,18
176,Crispy Fried Fish,"Fish, flour, oil, spices",,Crispy fried fish with spices,,Seafood,High,4.7,205,10.5,22,7.5
177,Chicken Noodle Soup,"Chicken, noodles, onion, broth",,Delicious and nutritious chicken noodle soup,,Soup,Medium,4.8,38,1.2,4.5,2.9
179,Salami Pizza,"Dough, salami, sauce, cheese",,Italian-style salami pizza,,Pastry,High,4.6,276,13.8,11.2,27.9
180,Creamy Mushroom Soup,"Mushroom, cream, onion, butter",,Rich and creamy mushroom soup,,Soup,Medium,4.7,73,4.8,1.9,6.3
182,Beef Lasagna,"Lasagna pasta, minced beef, cheese, tomato sauce",,Rich cheesy beef lasagna,,Pasta,High,4.9,124,2.9,4.2,20.8
183,Creamy Broccoli Soup,"Broccoli, cream, onion, broth",,Nutritious broccoli cream soup,,Soup,Medium,4.7,54,1.7,3.2,7.4
185,Chicken Shawarma,"Chicken, spices, garlic, yogurt",,Tasty Middle Eastern chicken shawarma,,Poultry,Medium,4.7,215,11.2,21.8,9.4
186,Chocolate Cake,"Flour, cocoa, eggs, sugar",,Soft and delicious chocolate cake,,Dessert,High,4.9,337,13.2,4.8,52.1
187,Fresh Orange Juice,"Orange, sugar, water",,Fresh orange juice rich in vitamin C,,Beverages,Low,4.8,45,0.1,0.7,10.4
189,Shrimp Cream Pasta,"Pasta, shrimp, cream, garlic",,Creamy shrimp pasta,,Pasta,High,4.8,167,7.3,6.2,19.7
190,Vegetable Soup,"Mixed vegetables, broth, onion, pepper",,Healthy and light vegetable soup,,Soup,Low,4.5,39,0.6,1.4,7.9
191,Butter Chicken,"Chicken, butter, cream, tomato sauce",,Indian-style butter chicken,,Poultry,Medium,4.9,245,16,24,3
192,Honey Fruit Salad,"Seasonal fruits, honey, mint",,Fruit salad with honey and mint,,Dessert,Low,4.7,95,0.4,1,23
193,Shrimp Sushi,"Rice, shrimp, seaweed, rice vinegar",,Fresh shrimp sushi,,Seafood,Medium,4.8,143,1.4,6.1,24.1
195,Nutella Banana Crepe,"Crepe, nutella, banana",,Sweet nutella banana crepe,,Dessert,High,4.8,340,16,7,45
196,Crispy Fried Chicken,"Chicken, flour, spices, oil",,Crispy fried chicken,,Poultry,High,4.9,246,12.1,30.6,2.8
197,Fresh Mango Juice,"Mango, sugar, water",,Fresh and refreshing mango juice,,Beverages,Low,4.8,60,0.2,0.4,14.8
198,Seafood Soup,"Shrimp, fish, crab, broth",,Rich seafood soup,,Soup,Medium,4.9,73,2.1,9.4,5.8
199,Grilled Beef Steak,"Beef, oil, pepper, salt",,Tender grilled beef steak,,Meat,Medium,4.9,220,11,28,0
200,Mashed Potatoes,"Potatoes, butter, milk, salt",,Smooth mashed potatoes,,Vegetarian,Medium,4.6,115,4.5,2.5,16.5
201,Fresh Apple Juice,"Apple, water, sugar",,Fresh and natural apple juice,,Beverages,Low,4.5,46,0.1,0.1,11.3
203,Vegetarian Sushi,"Rice, vegetables, seaweed, rice vinegar",,Vegetarian sushi with fresh vegetables,,Vegetarian,Low,4.7,143,1.4,6.1,24.1
204,BBQ Chicken,"Chicken, BBQ sauce, onion",,Smoky BBQ chicken,,Poultry,Medium,4.8,215,10,26,5
205,Quinoa Salad,"Quinoa, cucumber, tomato, olive oil",,Healthy quinoa salad,,Salad,Low,4.6,33,0.3,1.4,6.9
206,Chicken Burger,"Chicken, bread, lettuce, cheese",,Tasty and healthy chicken burger,,Poultry,High,4.7,270,14,18,20
208,Tiramisu,"Biscuits, coffee, cream, cocoa",,Famous Italian tiramisu dessert,,Dessert,High,4.9,380,22,8,38
209,Fresh Pineapple Juice,"Pineapple, water, sugar",,Fresh and refreshing pineapple juice,,Beverages,Low,4.7,46,0.1,0.1,11.3
210,Lentil Spinach Soup,"Lentils, spinach, onion, broth",,Lentil soup rich with spinach,,Soup,Medium,4.8,93,0.8,7.5,15.3
212,Lemon Chicken Breast,"Chicken breast, lemon, garlic, olive oil",,Low-fat protein-rich dish,,Poultry,Medium,4.8,165,4.5,27,2
213,Lean Beef Steak,"Lean beef, pepper, olive oil",,"High-protein, low-fat beef steak",,Meat,Medium,4.7,185,7,28.5,0
214,Oven Baked Fish,"White fish, herbs, olive oil",,"Lightly baked fish, no frying",,Seafood,Medium,4.6,205,10.5,22,7.5
216,Grilled Salmon,"Salmon, lemon, dill, olive oil",,Grilled salmon rich in omega-3,,Seafood,Medium,4.9,124,2.7,23,0
218,Chickpea Tahini Salad,"Chickpeas, tahini, lemon, parsley",,Middle Eastern protein-rich salad,,Salad,Low,4.8,166,9.6,7.9,14.3
219,Yogurt Garlic Chicken,"Chicken, yogurt, garlic, pepper",,Light and protein-rich chicken,,Poultry,Medium,4.7,195,9,26,4
221,Beef with Onions,"beef, onions, pepper, oil, spices",,"beef cooked with onions and spices, often served with rice or bread",,Meat,Medium,4.6,240,14,22,5
223,Grilled Chicken on Charcoal,"chicken, garlic, lemon, yogurt, spices, charcoal",,"Marinated chicken grilled over charcoal for a smoky flavor, often served with rice or fries.
",,Poultry,High,4.8,165,3.6,31,0
224,Yellow Lentil Soup with Vermicelli,"yellow lentils, vermicelli, onion, cumin, oil",,"Traditional Egyptian yellow lentil soup with toasted vermicelli, served warm in winter.",,Soup,Low,4.7,93,0.8,7.5,15.3
225,Baladi Bread with Sesame,"wheat flour, yeast, salt, water, sesame seeds",,Traditional Egyptian flatbread baked in the oven and topped with sesame seeds.,,Pastry,Medium,4.5,312,16.4,7.8,36.2
226,Abou-Sa'a Lentil Casserole,"lentils, onion, garlic, cumin, salt, pepper, tomatoes",,A traditional Egyptian casserole made with Abou-Sa'a lentils baked with classic flavors.,,Vegetarian,Medium,4.4,115,1.5,8,19
227,صينية بطاطس بالفراخ المشوية,"potatoes, grilled chicken, onion, tomato, pepper, spices",,A homemade Egyptian-style tray combining potatoes and grilled chicken with rich flavors.,,Poultry,Medium,4.6,175,6,12,18
228,Rice & Vermicelli Casserole,"rice, vermicelli, ghee, salt",,A classic Egyptian baked rice casserole served as a main side dish,,Vegetarian,Medium,4.5,155,4.5,3,27
229,Spicy Chicken Pane,"chicken breast, egg, breadcrumbs, flour, spicy seasoning",,Egyptian-style spicy breaded chicken with a bold flavor mix,,Poultry,High,4.7,265,13,21,17
230,Fattah with Grilled Chicken,"rice, toasted bread, garlic, vinegar, grilled chicken",,A lighter Egyptian version of fattah prepared with grilled chicken,,Poultry,Medium,4.6,177,4.7,9.8,22.8
231,Alexandrian Chicken Kebab,"chicken cubes, onions, pepper, Alexandrian spices",,"Stir-fried chicken kebab with vegetables Alexandrian style
",,Poultry,Medium,4.5,165,3.6,31,0
232,Ground Beef with Sausage,"ground beef, sausage, onion, tomatoes, pepper",,A mix of ground beef and sausage cooked together.,,Meat,High,4.7,301,25.6,17.9,1.8
233,White Beans in Tomato Sauce,"white beans, onion, tomatoes, garlic, cumin",,A simple Egyptian dish of white beans cooked in tomato sauce.,,Vegetarian,Medium,4.4,120,1.5,7,21
235,Dawood Basha Kofta,"minced meat, onions, tomato sauce, spices",,Egyptian-style meatballs cooked in tomato sauce.,,Meat,High,4.7,177,4.7,9.8,22.8
237,Seared Lamb Meat,"lamb, ghee, onion, black pepper",,Quick-seared lamb cooked Egyptian-style.,,Meat,High,4.8,258,18,22,2
238,Egyptian Cucumber Yogurt Salad,"cucumber, yogurt, garlic, mint, salt",,Light and refreshing Egyptian-style yogurt salad.,,Vegetarian,Low,4.5,55,2,3.5,5
239,Fried Eggplant with Mix,"eggplant, garlic, vinegar, pepper, oil",,Crispy fried eggplant topped with garlic–vinegar mix.,,Vegetarian,High,4.6,133,9.7,1.2,10.8
240,Egyptian Arugula Salad,"arugula, tomato, lemon, olive oil",,Simple refreshing salad served with grilled dishes.,,Vegetarian,Low,4.4,30,2,2,3.5
241,Baked Cheese Pasta,"pasta, mozzarella, cheddar, milk, butter",,Rich baked pasta loaded with cheese.,,Pasta,High,4.7,131,1.1,5.1,25.1
242,Egg with Tomato Stew,"eggs, tomatoes, onion, pepper, oil",,Egyptian eggs cooked in tomato stew.,,Vegetarian,Medium,4.4,145,10.5,9,4
243,Yogurt Grilled Chicken,"chicken, yogurt, garlic, lemon, spices",,Chicken marinated in yogurt and grilled.,,Poultry,Medium,4.6,165,3.6,31,0
245,Eggplant Beef Tray,"eggplant, minced beef, onion, tomato, pepper",,Fried eggplant baked with minced beef.,,Meat,High,4.7,250,15,26,0
246,Liver with Onion & Tomato,"liver, onion, tomato, pepper, vinegar",,Liver cooked with onions and tomatoes.,,Meat,Medium,4.5,160,7,23,4.5
247,Stuffed Swiss Chard,"swiss chard, rice, onion, spices",,Rice-stuffed Swiss chard.,,Vegetarian,Low,4.4,99,2.8,2,16.8
248,Fried Zucchini with Garlic,"zucchini, garlic, oil, salt",,Fried zucchini with garlic flavor.,,Vegetarian,Medium,4.3,228,14.2,16.8,9.7
249,Fried Shrimp with Bran,"shrimp, bran, oil, salt, pepper",,Egyptian-style bran-fried shrimp.,,Seafood,Medium,4.6,228,14.2,16.8,9.7
250,Egyptian Freekeh Chicken,"freekeh, chicken, onion, broth, spices",,Freekeh cooked with chicken Egyptian-style.,,Poultry,Medium,4.6,215,6.5,18,22
251,Egyptian Tahini Salad,"tahini, lemon, vinegar, garlic, salt",,Egyptian tahini served with grills.,,Vegetarian,Medium,4.8,178,14.3,6.8,9.7
253,Fava Beans with Ghee,"fava beans, ghee, salt, pepper",,Egyptian fava beans with ghee.,,Vegetarian,Medium,4.7,155,6.5,7.5,19
254,Charcoal-Grilled Liver,"liver, salt, pepper, lemon",,Charcoal-grilled Egyptian-style liver.,,Meat,Medium,4.7,155,5,25,2
255,Roasted Eggplant Salad,"roasted eggplant, lemon, garlic, tahini",,Light roasted eggplant salad.,,Vegetarian,Low,4.6,198,9.3,26.4,0.8
257,Minced Beef with Vegetables,"minced beef, onion, carrot, peas, pepper",,A mix of minced beef and vegetables served with rice or pasta.,,Meat,High,4.6,250,15,26,0
258,Boiled and Fried Chicken,"chicken, onion, bay leaves, salt, pepper",,Egyptian-style boiled then fried chicken.,,Poultry,High,4.5,246,12.1,30.6,2.8
260,Egyptian Vegetable Stew with Meat,"zucchini, potato, carrot, beef, onion",,Egyptian mixed vegetable stew with beef.,,Meat,Medium,4.6,133,6.8,12.7,7.9
261,Egyptian Shakshuka,"eggs, tomato, pepper, onion",,Quick Egyptian-style shakshuka.,,Vegetarian,Medium,4.3,135,9,8.5,5.5
262,Pasta with Sautéed Vegetables,"pasta, zucchini, carrot, pepper, oil",,Light pasta dish with sautéed vegetables.,,Vegetarian,Medium,4.4,170,4,5.5,29
263,Egyptian Red Rice,"rice, tomato sauce, oil",,Egyptian-style red rice often served with fish.,,Vegetarian,Medium,4.5,150,3.5,3.5,27
264,Peas with Beef Casserole,"peas, beef, carrot, tomato sauce",,Peas baked with beef in a casserole.,,Meat,Medium,4.6,165,8,14,12
265,Spiced Boiled Potatoes,"potatoes, lemon, cumin, oil",,Boiled potatoes seasoned Egyptian style.,,Vegetarian,Low,4.2,87,0.1,1.9,20.1
266,Egyptian Tilapia Casserole,"tilapia, tomato, onion, pepper",,Egyptian-style baked tilapia.,,Seafood,Medium,4.5,116,2.6,22,1.7
267,Egyptian Beetroot Salad,"beetroot, vinegar, lemon, oil",,Refreshing beetroot salad served as a side.,,Vegetarian,Low,4.4,44,0.2,1.7,9.6
268,Chicken Kebab Halla,"chicken breast, onion, spices",,Egyptian-style chicken kebab halla.,,Poultry,Medium,4.6,165,3.6,31,0
269,Fried Sardines,"sardines, flour, oil, salt",,Crispy fried sardines.,,Seafood,Medium,4.5,205,10.5,22,7.5
270,Smoked Sausage Pasta,"pasta, smoked sausage, onion, pepper",,Pasta with flavorful smoked sausage.,,Meat,High,4.7,301,25.6,17.9,1.8
275,Chicken Orzo Soup,"orzo pasta, chicken broth, onion, chicken",,Light Egyptian orzo soup cooked with chicken.,,Soup,Low,4.5,38,1.2,4.5,2.9
276,Carrot Vinegar Salad,"shredded carrots, vinegar, lemon, oil, salt",,Light salad of vinegar-seasoned shredded carrots.,,Vegetarian,Low,4.2,35,0.2,0.8,8.2
277,Spinach & Beef Casserole,"spinach, beef, onion, tomato, garlic",,Spinach baked with beef in a casserole.,,Meat,Medium,4.6,155,9,14,6
278,Grilled Mullet with Bran,"mullet fish, bran, salt, lemon",,Egyptian-style mullet grilled with bran.,,Seafood,Low,4.8,124,2.7,23,0
279,Homemade Hati Kofta,"minced beef, grated onion, spices",,Grilled kofta with Egyptian Hati flavor.,,Meat,High,4.8,177,4.7,9.8,22.8
281,Freekeh Vegetable Casserole,"freekeh, zucchini, carrot, onion, tomatoes, broth, oil",,Freekeh baked with mixed vegetables.,,Vegetarian,Medium,4.4,185,3,7,34
283,Dry Crushed Okra,"dried okra, garlic, coriander, oil, chili",,Traditional Egyptian-style dry okra.,,Vegetarian,Low,4.5,142,7.1,14.8,9.7
284,Cold Eggplant Mesakaa,"fried eggplant, tomatoes, vinegar, garlic, pepper",,Cold eggplant with tomato-garlic sauce.,,Vegetarian,Medium,4.6,35,0.2,0.8,8.6
286,Grilled Mackerel,"mackerel, lemon, salt, pepper, oil",,Charcoal-grilled mackerel.,,Seafood,Low,4.7,124,2.7,23,0
287,Egyptian Red Chili Dip,"red chili, oil, garlic, vinegar, salt",,Spicy Egyptian chili-garlic dip.,,Sauce,Low,4.3,97,6.8,2.1,7.9
288,Orzo & Beef Casserole,"orzo, beef, onion, tomato sauce, broth",,Baked orzo casserole with beef.,,Meat,Medium,4.6,220,12,22,3
289,Taro with Swiss Chard & Tomato,"taro, chard, tomato, garlic, broth",,Egyptian taro cooked with chard and tomatoes.,,Vegetarian,Medium,4.4,110,2,3,21
291,Fava Beans with Tomato & Coriander,"fava beans, tomatoes, dried coriander, oil, salt",,Fava beans cooked with tomatoes and coriander.,,Vegetarian,Medium,4.4,112,1,7.6,19.5
293,Fried Potatoes with Garlic & Vinegar,"potatoes, garlic, vinegar, oil, salt",,Crispy potatoes seasoned with garlic and vinegar.,,Vegetarian,Medium,4.5,312,14.7,3.4,41.4
294,Egyptian Seafood Pasta Casserole,"pasta, shrimp, calamari, tomato sauce, garlic",,Egyptian-style seafood pasta casserole.,,Seafood,High,4.6,116,2.6,22,1.7
295,Egyptian Butter Chicken,"chicken, butter, tomato sauce, cream, spices",,Egyptian-style butter chicken.,,Poultry,Medium,4.8,245,13,28,5
296,Grilled Lamb Kebab,"lamb, salt, pepper, onion, spices",,Charcoal-grilled lamb kebab.,,Meat,High,4.7,258,16.5,25.6,0
297,Cucumber Salad with Vinegar & Garlic,"cucumber, vinegar, garlic, salt",,Refreshing cucumber salad with garlic.,,Vegetarian,Low,4.3,20,0.2,0.8,4
298,Yellow Rice with Turmeric,"rice, turmeric, butter, salt",,Yellow rice cooked with turmeric and butter.,,Vegetarian,Medium,4.4,165,5,3,28
299,Beef with Onion & Ghee,"beef, onion, ghee, pepper",,Beef sautéed with onions and ghee.,,Meat,High,4.6,265,17,22,4
300,Egyptian Steamed Vegetables,"potatoes, carrots, zucchini, beans, salt",,Light Egyptian sautéed vegetables.,,Vegetarian,Low,4.2,70,3.5,2.5,8
301,Shrimp Béchamel Pasta,"pasta, shrimp, béchamel, cheese, salt, pepper",,Egyptian-style béchamel pasta with shrimp.,,Seafood,High,4.7,218,11.1,13.6,18.8
302,Spicy Marinated Grilled Chicken,"chicken, chili, vinegar, garlic, oil, spices",,Grilled chicken marinated in a spicy Egyptian mix.,,Poultry,Medium,4.6,165,3.6,31,0
303,Yellow Lentil Casserole,"yellow lentils, onion, garlic, cumin, carrot",,Yellow lentils baked Egyptian-style.,,Vegetarian,Medium,4.5,110,1.5,7.5,18.5
305,Vegan Cabbage Mahshi,"cabbage, rice, tomato sauce, onion, spices",,Vegan Egyptian stuffed cabbage.,,Vegetarian,Medium,4.4,99,2.8,2,16.8
307,Vegan Egyptian Tourly,"potato, zucchini, carrot, onion, tomato",,Vegan Egyptian vegetable tourly.,,Vegetarian,Low,4.3,60,2,2,9.5
308,Spicy Chickpea Soup,"chickpeas, chili, garlic, cumin, broth",,Egyptian spicy chickpea soup.,,Soup,Low,4.5,166,9.6,7.9,14.3
309,Eggplant Béchamel Tray,"eggplant, béchamel, cheese, tomato",,Egyptian-style béchamel eggplant tray.,,Vegetarian,Medium,4.6,218,11.1,13.6,18.8
310,Grilled Sea Bream,"sea bream, lemon, oil, salt",,Grilled sea bream with lemon.,,Seafood,Low,4.7,124,2.7,23,0
311,Hummus,"roasted eggplant, tahini, garlic, lemon, olive oil",,Roasted eggplant dip with tahini,,Vegetarian,Medium,4.8,166,9.6,7.9,14.3
312,Beef Shawarma,"beef, pita bread, tahini, onion, tomato, pickles",,Classic beef shawarma sandwich,,Meat,High,4.8,215,11.2,21.8,9.4
313,Hawawshi,"baladi bread, minced meat, onion, spices",,Stuffed baladi bread with spiced meat,,Meat,High,4.8,268,13.5,16.2,22.1
317,Lemon Mint,"lime, mint, sugar, water",,Refreshing lemon mint drink,,Beverages,Low,4.9,22,0.1,0.3,6.9
320,Alexandrian Liver,"liver, garlic, pepper, vinegar, cumin",,Spicy Alexandrian-style liver,,Meat,High,4.8,191,7.8,24.5,3.2
322,Chicken Pane,"chicken breast, breadcrumbs, egg, spices",,Crispy breaded chicken fillet,,Poultry,High,4.8,265,13,22,17
323,Baklava,"filo pastry, nuts, syrup, ghee",,Layered pastry with nuts and syrup,,Dessert,High,4.9,428,23,6.3,51.2
324,Qatayef,"pancakes, walnuts or cheese, syrup, oil",,Ramadan stuffed pancakes,,Dessert,High,4.9,264,10.2,5.3,38.9
325,Kunafa with Cream,"vermicelli, cream, ghee, syrup",,Cream-filled crispy kunafa,,Dessert,High,4.9,350,18.2,7.4,42.8
326,Om Ali,"bread, milk, nuts, sugar, cream",,Egyptian bread pudding with nuts,,Dessert,High,4.8,289,15.3,6.2,33.7
328,Zalabiya,"dough, oil, syrup",,Fried dough balls in syrup,,Dessert,High,4.7,290,12,4.5,42
329,Cheese Manakish,"dough, akkawi cheese, oil",,Flatbread with melted cheese,,Pastry,High,4.8,276,13.8,11.2,27.9
330,Spinach Fatayer,"dough, spinach, onion, sumac, oil",,Lebanese spinach pies,,Vegetarian,Medium,4.7,368,19.8,7.2,42.1
331,Cheese Sambusak,"pastry, cheese, oil",,Cheese-filled crispy sambusak,,Pastry,High,4.7,291,15.7,9.8,28.3
332,Feseekh,salted fermented mullet,,Traditional fermented fish for Sham El-Naseem,,Seafood,Medium,4.5,116,2.6,22,1.7
333,Smoked Herring,"smoked herring, onion, oil, lemon",,Smoked herring with onion and oil,,Seafood,High,4.6,116,2.6,22,1.7
334,Grilled Tilapia,"tilapia, lemon, garlic, cumin, oil",,Egyptian grilled tilapia,,Seafood,Low,4.8,124,2.7,23,0
335,Fried Shrimp,"shrimp, flour, egg, breadcrumbs",,Crispy fried shrimp,,Seafood,High,4.8,228,14.2,16.8,9.7
336,Kabab Halla,"beef cubes, onion, tomato, ghee",,Egyptian beef stew,,Meat,High,4.7,258,16.5,25.6,0
337,Maqluba,"chicken, rice, eggplant, cauliflower, spices",,Palestinian upside-down rice dish,,Poultry,Medium,4.8,210,7,14,26
338,Mansaf,"lamb, jameed, rice, shrak bread",,Jordanian national dish with yogurt sauce,,Meat,High,4.9,290,16,22,14
339,Shakshuka,"eggs, tomato, onion, pepper, spices",,Poached eggs in spicy tomato sauce,,Vegetarian,Low,4.8,95,5.8,6.2,6.5
340,Grilled Kibbeh,"bulgur, minced meat, onion, spices",,Grilled Levantine kibbeh,,Meat,High,4.8,198,9.3,26.4,0.8
341,Labneh with Zaatar,"strained yogurt, zaatar, olive oil",,Strained yogurt with zaatar,,Vegetarian,Medium,4.7,180,12,8,9
342,Mutabbal,"roasted eggplant, tahini, garlic, lemon",,Smoky eggplant dip,,Vegetarian,Medium,4.7,178,14.3,6.8,9.7
343,Licorice Drink,"licorice root, sugar, water",,Traditional Ramadan licorice drink,,Beverages,Medium,4.6,38,0,0.2,9.4
344,Arabic Coffee,"coffee, cardamom, water",,Light Arabic coffee with cardamom,,Beverages,Low,4.9,49,0.1,0.4,12.1
345,Donuts,"dough, powdered sugar, chocolate",,Glazed fried donuts,,Dessert,High,4.8,380,18,5.5,50
346,Nutella Crepe,"crepe batter, Nutella, banana",,Sweet crepe with Nutella and banana,,Dessert,High,4.9,281,11.4,4.2,43.1
347,Chocolate Chip Cookies,"flour, butter, chocolate chips",,Classic chocolate chip cookies,,Dessert,High,4.9,502,24,5.9,64.5
348,Vanilla Ice Cream,"milk, cream, sugar, vanilla",,Creamy vanilla ice cream,,Dessert,High,4.9,207,11,3.5,23.6
349,Pan-fried Liver with Bran,"liver, bran, garlic, cumin",,Upper Egyptian liver with bran,,Meat,Medium,4.7,180,9,22,3
350,Grilled Chicken,"whole chicken, spices, lemon, oil",,Whole grilled chicken,,Poultry,Medium,4.8,165,3.6,31,0
351,Crispy Fried Chicken,"chicken, spices, breadcrumbs, oil",,Extra crispy fried chicken,,Poultry,High,4.8,246,12.1,30.6,2.8
352,Potato Wedges,"potatoes, oil, spices",,Crispy seasoned potato wedges,,Vegetarian,Medium,4.7,165,6.5,3,24
353,Moussaka,"eggplant, minced meat, béchamel",,Greek-style moussaka with béchamel,,Meat,High,4.8,250,15,26,0
354,Grilled Liver,"liver, onion, cumin, lemon",,Grilled liver skewers,,Meat,Medium,4.7,150,5,25,2.5
356,Egyptian Sausage,"sausage, onion, tomato, pepper",,Egyptian grilled sausage,,Meat,High,4.7,301,25.6,17.9,1.8
359,Mango MilkSmoothie,"mango, milk, sugar, ice",,Creamy mango milkshake,,Beverages,High,4.9,60,0.2,0.4,14.8
360,Karak Tea,"tea, condensed milk, cardamom, ginger",,Strong Gulf-style karak tea,,Beverages,Low,4.8,80,2.5,2.5,12
361,Nescafe,"instant coffee, milk, sugar",,Hot Nescafe with milk,,Beverages,Low,4.6,55,1.5,1.5,9
362,Chocolate Croissant,"croissant dough, chocolate",,Chocolate-filled croissant,,Pastry,High,4.8,312,16.4,7.8,36.2
363,Apple Pie,"pastry, apple, cinnamon, sugar",,Classic American apple pie,,Dessert,High,4.8,368,19.8,7.2,42.1
364,Chicken Cheese Crepe,"crepe, chicken, mozzarella",,Savory chicken and cheese crepe,,Poultry,Medium,4.7,225,9.5,15,22
365,Liver with Onion & Pepper,"liver, onion, bell pepper, spices",,Sautéed liver with colorful peppers,,Meat,Medium,4.7,165,7,23,5
367,Kibbeh bi Laban,"raw or fried kibbeh balls, cooked yogurt, cornstarch, crushed garlic, dried mint",,Kibbeh balls cooked in thick garlicky yogurt sauce,,Meat,Medium,4.9,225,12,14,16
368,Sheikh Al-Mahshi,"baby eggplant, minced meat, pine nuts, spices, tomato sauce",,Stuffed baby eggplant baked with meat and pine nuts – Damascus classic,,Meat,High,4.9,138,5.8,9.4,13.9
369,Yalanji,"grape leaves, rice, onion, tomato, parsley, mint, olive oil, lemon",,Classic Levantine vegetarian stuffed grape leaves,,Vegetarian,Medium,4.8,155,6.5,2,22
370,Fattet Batinjan,"toasted bread, fried eggplant, chickpeas, tahini, yogurt, garlic, pomegranate, almonds",,Levantine eggplant fatteh with pomegranate – rare in Egypt,,Vegetarian,High,4.8,177,4.7,9.8,22.8
371,Muhammara,"roasted red pepper, walnuts, breadcrumbs, olive oil, pomegranate molasses, cumin",,Spicy-sweet red pepper and walnut dip from Aleppo,,Vegetarian,Low,4.9,95,5,3,10
372,Kibbeh Hamda,"raw kibbeh balls, lemon broth, garlic, green coriander",,Aleppine sour lemon and kibbeh soup,,Meat,Medium,4.7,215,11,14,15.5
373,Safiha Baalbakieh,"thin dough, minced meat, tomato, onion, pomegranate molasses, spices",,Open-faced meat pie from Baalbek region,,Meat,High,4.8,250,15,26,0
374,Mfaraket Batata,"potatoes, eggs, garlic, green coriander, cumin, olive oil",,Levantine scrambled potatoes with egg and coriander,,Vegetarian,Medium,4.6,170,7,3,24
375,Dawood Basha,"meat kofta balls, onion, tomato sauce, spices, pine nuts",,Levantine meatballs in tomato sauce with pine nuts,,Meat,Medium,4.9,230,14,18,9
376,Makdous,"baby eggplant, walnuts, red pepper, garlic, olive oil",,Stuffed pickled eggplant in olive oil,,Vegetarian,Medium,4.7,110,8.5,2.5,7
377,Makanek,"ground meat, pine nuts, cumin, cloves, cinnamon, nutmeg, pomegranate molasses",,Spiced Arabic sausage with pomegranate molasses,,Meat,High,4.8,217,11.2,27.3,0
378,Qarymutah,"bulgur, vegetables, grape leaves",,Bulgur cooked with vegetables wrapped in grape leaves,,Vegetarian,Medium,4.6,180,10,18,2
379,Sumaghiyyeh,"sumac, tahini, chard, beef, chickpeas",,"Sumac stew with beef, chard and tahini",,Meat,High,4.9,217,11.2,27.3,0
380,Zibdieh,"shrimp, olive oil, garlic, hot peppers, tomatoes",,Shrimp baked in clay pot with tomatoes and spices,,Seafood,Medium,4.5,116,2.6,22,1.7
381,Kibbeh Nayyeh,"raw meat, bulgur, onion, mint, spices",,Raw spiced meat with bulgur and mint,,Meat,High,4.7,217,11.2,27.3,0
382,Shishbarak,"dough, ground meat, yogurt, garlic",,Meat dumplings in yogurt sauce,,Meat,High,4.8,217,11.2,27.3,0
384,Maftoul,"large couscous, chicken, vegetables, spices",,Large couscous with chicken and vegetables,,Poultry,Medium,4.7,195,5,12,28
391,Soup Fish with sauce,"Fish, Salt, Black pepper, Oil, Onion, Tomato",,"An Egyptian dish made with Fish, Salt, Black pepper, Oil, Onion, Tomato, prepared in a بالصلصة style.",,Seafood,Medium,4.1,116,2.6,22,1.7
398,Salad Rice in the oven,"Rice, Salt, Black pepper, Oil, Onion, Tomato",,"An Egyptian dish made with Rice, Salt, Black pepper, Oil, Onion, Tomato, prepared in a في الفرن style.",,Vegetarian,Medium,3.8,155,3.5,3.5,27
458,Tagine Potato spicy,"Potato, Salt, Black pepper, Oil, Onion, Tomato",,"An Egyptian dish made with Potato, Salt, Black pepper, Oil, Onion, Tomato, prepared in a سبايسي style.",,Vegetarian,Medium,4.2,155,5.5,3,24
465,Moussaka Shrimp spicy,"Shrimp, Salt, Black pepper, Oil, Onion, Tomato",,"An Egyptian dish made with Shrimp, Salt, Black pepper, Oil, Onion, Tomato, prepared in a سبايسي style.",,Seafood,Medium,4.5,99,0.3,24,0.2
498,Fava Beans Onion with sauce,"Onion, Salt, Black pepper, Oil, Onion, Tomato",,"An Egyptian dish made with Onion, Salt, Black pepper, Oil, Onion, Tomato, prepared in a بالصلصة style.",,Vegetarian,Medium,3.6,118,1.2,7.5,20.5
544,Sandwich Chicken fried,"Chicken, Salt, Black pepper, Oil, Onion, Tomato",,"An Egyptian dish made with Chicken, Salt, Black pepper, Oil, Onion, Tomato, prepared in a مقلي style.",,Poultry,Medium,4.9,246,12.1,30.6,2.8
545,Stuffed Rice Alexandrian style,"Rice, Salt, Black pepper, Oil, Onion, Tomato",,"An Egyptian dish made with Rice, Salt, Black pepper, Oil, Onion, Tomato, prepared in a إسكندراني style.",,Vegetarian,Low,4.3,99,2.8,2,16.8
548,Fava Beans Onion Alexandrian style,"Onion, Salt, Black pepper, Oil, Onion, Tomato",,"An Egyptian dish made with Onion, Salt, Black pepper, Oil, Onion, Tomato, prepared in a إسكندراني style.",,Vegetarian,Medium,3.6,120,1.5,7.5,20
549,Soup Peas baladi,"Peas, Salt, Black pepper, Oil, Onion, Tomato",,"An Egyptian dish made with Peas, Salt, Black pepper, Oil, Onion, Tomato, prepared in a بلدي style.",,Vegetarian,Low,4.8,84,0.2,5.4,15.6
578,Sandwich Liver Alexandrian style,"Liver, Salt, Black pepper, Oil, Onion, Tomato",,"An Egyptian dish made with Liver, Salt, Black pepper, Oil, Onion, Tomato, prepared in a إسكندراني style.",,Meat,High,4.6,191,7.8,24.5,3.2
590,Moussaka Beef with onion,"Beef, Salt, Black pepper, Oil, Onion, Tomato",,"An Egyptian dish made with Beef, Salt, Black pepper, Oil, Onion, Tomato, prepared in a بالبصل style.",,Meat,High,4.9,217,11.2,27.3,0
591,Beef Liver with sauce,"Liver, Salt, Black pepper, Oil, Onion, Tomato",,"An Egyptian dish made with Liver, Salt, Black pepper, Oil, Onion, Tomato, prepared in a بالصلصة style.",,Meat,Medium,3.5,168,7,23.5,4
610,Sandwich Beef grilled,"Beef, Salt, Black pepper, Oil, Onion, Tomato",,"An Egyptian dish made with Beef, Salt, Black pepper, Oil, Onion, Tomato, prepared in a مشوي style.",,Meat,Medium,4.6,230,9.5,18,22
616,Tray Bake Chicken in the oven,"Chicken, Salt, Black pepper, Oil, Onion, Tomato",,"An Egyptian dish made with Chicken, Salt, Black pepper, Oil, Onion, Tomato, prepared in a في الفرن style.",,Poultry,Medium,4.3,187,7.4,28.3,0
643,Moussaka Potato with onion,"Potato, Salt, Black pepper, Oil, Onion, Tomato",,"An Egyptian dish made with Potato, Salt, Black pepper, Oil, Onion, Tomato, prepared in a بالبصل style.",,Vegetarian,Medium,4.8,145,6,3.5,20
656,Tagine Chicken spicy,"Chicken, Salt, Black pepper, Oil, Onion, Tomato",,"An Egyptian dish made with Chicken, Salt, Black pepper, Oil, Onion, Tomato, prepared in a سبايسي style.",,Poultry,Medium,4.5,187,7.4,28.3,0
660,Tagine Beef with onion,"Beef, Salt, Black pepper, Oil, Onion, Tomato",,"An Egyptian dish made with Beef, Salt, Black pepper, Oil, Onion, Tomato, prepared in a بالبصل style.",,Meat,Medium,3.7,230,13,20,5
665,Soup Onion fried,"Onion, Salt, Black pepper, Oil, Onion, Tomato",,"An Egyptian dish made with Onion, Salt, Black pepper, Oil, Onion, Tomato, prepared in a مقلي style.",,Vegetarian,Low,3.7,228,14.2,16.8,9.7
685,Soup Chicken baladi,"Chicken, Salt, Black pepper, Oil, Onion, Tomato",,"An Egyptian dish made with Chicken, Salt, Black pepper, Oil, Onion, Tomato, prepared in a بلدي style.",,Poultry,Medium,4.5,187,7.4,28.3,0
689,Soup Garlic baladi,"Garlic, Salt, Black pepper, Oil, Onion, Tomato",,"An Egyptian dish made with Garlic, Salt, Black pepper, Oil, Onion, Tomato, prepared in a بلدي style.",,Vegetarian,Low,4.6,55,2,2.5,7
696,Soup Okra with sauce,"Okra, Salt, Black pepper, Oil, Onion, Tomato",,"An Egyptian dish made with Okra, Salt, Black pepper, Oil, Onion, Tomato, prepared in a بالصلصة style.",,Vegetarian,Low,4.4,142,7.1,14.8,9.7
699,Soup Okra with onion,"Okra, Salt, Black pepper, Oil, Onion, Tomato",,"An Egyptian dish made with Okra, Salt, Black pepper, Oil, Onion, Tomato, prepared in a بالبصل style.",,Vegetarian,Low,4.2,142,7.1,14.8,9.7
709,Kofta Beef baladi,"Beef, Salt, Black pepper, Oil, Onion, Tomato",,"An Egyptian dish made with Beef, Salt, Black pepper, Oil, Onion, Tomato, prepared in a بلدي style.",,Meat,High,4.8,177,4.7,9.8,22.8
722,Koshari Rice grilled,"Rice, Salt, Black pepper, Oil, Onion, Tomato",,"An Egyptian dish made with Rice, Salt, Black pepper, Oil, Onion, Tomato, prepared in a مشوي style.",,Vegetarian,Low,4.5,140,3.3,4.3,23.3
723,Tray Bake Beef in the oven,"Beef, Salt, Black pepper, Oil, Onion, Tomato",,"An Egyptian dish made with Beef, Salt, Black pepper, Oil, Onion, Tomato, prepared in a في الفرن style.",,Meat,High,3.6,217,11.2,27.3,0
727,Stuffed Beef Alexandrian style,"Beef, Salt, Black pepper, Oil, Onion, Tomato",,"An Egyptian dish made with Beef, Salt, Black pepper, Oil, Onion, Tomato, prepared in a إسكندراني style.",,Meat,High,4.1,99,2.8,2,16.8
736,Moussaka Chicken baladi,"Chicken, Salt, Black pepper, Oil, Onion, Tomato",,"An Egyptian dish made with Chicken, Salt, Black pepper, Oil, Onion, Tomato, prepared in a بلدي style.",,Poultry,Medium,4.7,187,7.4,28.3,0
754,Fava Beans Beef with onion,"Beef, Salt, Black pepper, Oil, Onion, Tomato",,"An Egyptian dish made with Beef, Salt, Black pepper, Oil, Onion, Tomato, prepared in a بالبصل style.",,Meat,Medium,3.9,155,6,10,16
755,Tray Bake Fish Alexandrian style,"Fish, Salt, Black pepper, Oil, Onion, Tomato",,"An Egyptian dish made with Fish, Salt, Black pepper, Oil, Onion, Tomato, prepared in a إسكندراني style.",,Seafood,Medium,3.7,116,2.6,22,1.7
774,Koshari Spinach spicy,"Spinach, Salt, Black pepper, Oil, Onion, Tomato",,"An Egyptian dish made with Spinach, Salt, Black pepper, Oil, Onion, Tomato, prepared in a سبايسي style.",,Vegetarian,Low,4.6,140,3.3,4.3,23.3
781,Soup Liver baladi,"Liver, Salt, Black pepper, Oil, Onion, Tomato",,"An Egyptian dish made with Liver, Salt, Black pepper, Oil, Onion, Tomato, prepared in a بلدي style.",,Meat,Low,3.6,95,4,10,4
792,Salad Fava Beans in the oven,"Fava beans, Salt, Black pepper, Oil, Onion, Tomato",,"An Egyptian dish made with Fava beans, Salt, Black pepper, Oil, Onion, Tomato, prepared in a في الفرن style.",,Vegetarian,Medium,4,115,1,7.5,19.5
799,Soup Spinach fried,"Spinach, Salt, Black pepper, Oil, Onion, Tomato",,"An Egyptian dish made with Spinach, Salt, Black pepper, Oil, Onion, Tomato, prepared in a مقلي style.",,Vegetarian,Low,4.4,228,14.2,16.8,9.7
804,Soup Garlic Alexandrian style,"Garlic, Salt, Black pepper, Oil, Onion, Tomato",,"An Egyptian dish made with Garlic, Salt, Black pepper, Oil, Onion, Tomato, prepared in a إسكندراني style.",,Vegetarian,Low,4,60,2.5,2.5,7.5
828,Soup Chicken spicy,"Chicken, Salt, Black pepper, Oil, Onion, Tomato",,"An Egyptian dish made with Chicken, Salt, Black pepper, Oil, Onion, Tomato, prepared in a سبايسي style.",,Poultry,Medium,4.6,187,7.4,28.3,0
829,Tray Bake Spinach spicy,"Spinach, Salt, Black pepper, Oil, Onion, Tomato",,"An Egyptian dish made with Spinach, Salt, Black pepper, Oil, Onion, Tomato, prepared in a سبايسي style.",,Vegetarian,Low,3.9,80,4,4.5,7
831,Moussaka Sausage grilled,"Sausage, Salt, Black pepper, Oil, Onion, Tomato",,"An Egyptian dish made with Sausage, Salt, Black pepper, Oil, Onion, Tomato, prepared in a مشوي style.",,Meat,High,4.2,301,25.6,17.9,1.8
837,Stuffed Spinach spicy,"Spinach, Salt, Black pepper, Oil, Onion, Tomato",,"An Egyptian dish made with Spinach, Salt, Black pepper, Oil, Onion, Tomato, prepared in a سبايسي style.",,Vegetarian,Low,4.7,99,2.8,2,16.8
859,Tagine Liver fried,"Liver, Salt, Black pepper, Oil, Onion, Tomato",,"An Egyptian dish made with Liver, Salt, Black pepper, Oil, Onion, Tomato, prepared in a مقلي style.",,Meat,Medium,4.6,195,12,22,3
860,Tray Bake Fish with sauce,"Fish, Salt, Black pepper, Oil, Onion, Tomato",,"An Egyptian dish made with Fish, Salt, Black pepper, Oil, Onion, Tomato, prepared in a بالصلصة style.",,Seafood,Medium,4.8,116,2.6,22,1.7
869,Soup Beef with onion,"Beef, Salt, Black pepper, Oil, Onion, Tomato",,"An Egyptian dish made with Beef, Salt, Black pepper, Oil, Onion, Tomato, prepared in a بالبصل style.",,Meat,High,4.3,217,11.2,27.3,0
871,Salad Chicken grilled,"Chicken, Salt, Black pepper, Oil, Onion, Tomato",,"An Egyptian dish made with Chicken, Salt, Black pepper, Oil, Onion, Tomato, prepared in a مشوي style.",,Poultry,Medium,4.2,165,3.6,31,0
873,Soup Liver Alexandrian style,"Liver, Salt, Black pepper, Oil, Onion, Tomato",,"An Egyptian dish made with Liver, Salt, Black pepper, Oil, Onion, Tomato, prepared in a إسكندراني style.",,Meat,High,3.7,191,7.8,24.5,3.2
876,Stuffed Spinach fried,"Spinach, Salt, Black pepper, Oil, Onion, Tomato",,"An Egyptian dish made with Spinach, Salt, Black pepper, Oil, Onion, Tomato, prepared in a مقلي style.",,Vegetarian,Low,4,99,2.8,2,16.8
879,Soup Spinach spicy,"Spinach, Salt, Black pepper, Oil, Onion, Tomato",,"An Egyptian dish made with Spinach, Salt, Black pepper, Oil, Onion, Tomato, prepared in a سبايسي style.",,Vegetarian,Low,4.4,55,2.5,3,5.5
881,Koshari Sausage grilled,"Sausage, Salt, Black pepper, Oil, Onion, Tomato",,"An Egyptian dish made with Sausage, Salt, Black pepper, Oil, Onion, Tomato, prepared in a مشوي style.",,Meat,High,3.5,140,3.3,4.3,23.3
887,Moussaka Beef with sauce,"Beef, Salt, Black pepper, Oil, Onion, Tomato",,"An Egyptian dish made with Beef, Salt, Black pepper, Oil, Onion, Tomato, prepared in a بالصلصة style.",,Meat,High,4,217,11.2,27.3,0
892,Soup Okra spicy,"Okra, Salt, Black pepper, Oil, Onion, Tomato",,"An Egyptian dish made with Okra, Salt, Black pepper, Oil, Onion, Tomato, prepared in a سبايسي style.",,Vegetarian,Low,4,142,7.1,14.8,9.7
910,Tray Bake Fish in the oven,"Fish, Salt, Black pepper, Oil, Onion, Tomato",,"An Egyptian dish made with Fish, Salt, Black pepper, Oil, Onion, Tomato, prepared in a في الفرن style.",,Seafood,Medium,3.8,116,2.6,22,1.7
918,Sandwich Fish fried,"Fish, Salt, Black pepper, Oil, Onion, Tomato",,"An Egyptian dish made with Fish, Salt, Black pepper, Oil, Onion, Tomato, prepared in a مقلي style.",,Seafood,Medium,3.6,205,10.5,22,7.5
923,Tray Bake Liver spicy,"Liver, Salt, Black pepper, Oil, Onion, Tomato",,"An Egyptian dish made with Liver, Salt, Black pepper, Oil, Onion, Tomato, prepared in a سبايسي style.",,Meat,Medium,4.4,178,8.5,23,4.5
937,Stuffed Spinach grilled,"Spinach, Salt, Black pepper, Oil, Onion, Tomato",,"An Egyptian dish made with Spinach, Salt, Black pepper, Oil, Onion, Tomato, prepared in a مشوي style.",,Vegetarian,Low,3.6,99,2.8,2,16.8
939,Fattah Potato fried,"Potato, Salt, Black pepper, Oil, Onion, Tomato",,"An Egyptian dish made with Potato, Salt, Black pepper, Oil, Onion, Tomato, prepared in a مقلي style.",,Vegetarian,Low,4.4,267,12.8,3.3,35.7
945,Soup Rice Alexandrian style,"Rice, Salt, Black pepper, Oil, Onion, Tomato",,"An Egyptian dish made with Rice, Salt, Black pepper, Oil, Onion, Tomato, prepared in a إسكندراني style.",,Vegetarian,Low,4.7,92,1.5,2.5,17.5
974,Soup Peas Alexandrian style,"Peas, Salt, Black pepper, Oil, Onion, Tomato",,"An Egyptian dish made with Peas, Salt, Black pepper, Oil, Onion, Tomato, prepared in a إسكندراني style.",,Vegetarian,Low,4.9,84,0.2,5.4,15.6
975,Fava Beans Beef spicy,"Beef, Salt, Black pepper, Oil, Onion, Tomato",,"An Egyptian dish made with Beef, Salt, Black pepper, Oil, Onion, Tomato, prepared in a سبايسي style.",,Meat,Medium,4.5,160,6.5,10,16.5
994,Fava Beans Onion grilled,"Onion, Salt, Black pepper, Oil, Onion, Tomato",,"An Egyptian dish made with Onion, Salt, Black pepper, Oil, Onion, Tomato, prepared in a مشوي style.",,Vegetarian,Low,3.6,110,0.7,7.6,19.7
997,Molokhia Liver Alexandrian style,"Liver, Salt, Black pepper, Oil, Onion, Tomato",,"An Egyptian dish made with Liver, Salt, Black pepper, Oil, Onion, Tomato, prepared in a إسكندراني style.",,Meat,Low,3.8,90,4,6.5,7
1000,Tray Bake Chicken with sauce,"Chicken, Salt, Black pepper, Oil, Onion, Tomato",,"An Egyptian dish made with Chicken, Salt, Black pepper, Oil, Onion, Tomato, prepared in a بالصلصة style.",,Poultry,Medium,4.5,187,7.4,28.3,0
1040,Tagine Chicken fried,"Chicken, Salt, Black pepper, Oil, Onion, Tomato",,"An Egyptian dish made with Chicken, Salt, Black pepper, Oil, Onion, Tomato, prepared in a مقلي style.",,Poultry,Medium,4.6,246,12.1,30.6,2.8
1057,Kofta Beef grilled,"Beef, Salt, Black pepper, Oil, Onion, Tomato",,"An Egyptian dish made with Beef, Salt, Black pepper, Oil, Onion, Tomato, prepared in a مشوي style.",,Meat,High,4.7,177,4.7,9.8,22.8
1062,Fava Beans Onion in the oven,"Onion, Salt, Black pepper, Oil, Onion, Tomato",,"An Egyptian dish made with Onion, Salt, Black pepper, Oil, Onion, Tomato, prepared in a في الفرن style.",,Vegetarian,Low,4.6,110,0.7,7.6,19.7
1091,Moussaka Shrimp grilled,"Shrimp, Salt, Black pepper, Oil, Onion, Tomato",,"An Egyptian dish made with Shrimp, Salt, Black pepper, Oil, Onion, Tomato, prepared in a مشوي style.",,Seafood,Medium,3.8,198,9.3,26.4,0.8
1095,Moussaka Potato baladi,"Potato, Salt, Black pepper, Oil, Onion, Tomato",,"An Egyptian dish made with Potato, Salt, Black pepper, Oil, Onion, Tomato, prepared in a بلدي style.",,Vegetarian,Medium,3.8,140,5.5,3,20
1104,Moussaka Chicken with onion,"Chicken, Salt, Black pepper, Oil, Onion, Tomato",,"An Egyptian dish made with Chicken, Salt, Black pepper, Oil, Onion, Tomato, prepared in a بالبصل style.",,Poultry,Medium,3.8,187,7.4,28.3,0
1105,Okra Fava Beans baladi,"Fava beans, Salt, Black pepper, Oil, Onion, Tomato",,"An Egyptian dish made with Fava beans, Salt, Black pepper, Oil, Onion, Tomato, prepared in a بلدي style.",,Vegetarian,Low,4.7,110,0.7,7.6,19.7
1115,Salad Fava Beans with sauce,"Fava beans, Salt, Black pepper, Oil, Onion, Tomato",,"An Egyptian dish made with Fava beans, Salt, Black pepper, Oil, Onion, Tomato, prepared in a بالصلصة style.",,Vegetarian,Low,4.4,110,0.7,7.6,19.7
1123,Tray Bake Beef grilled,"Beef, Salt, Black pepper, Oil, Onion, Tomato",,"An Egyptian dish made with Beef, Salt, Black pepper, Oil, Onion, Tomato, prepared in a مشوي style.",,Meat,High,3.7,217,11.2,27.3,0
1125,Soup Spinach with onion,"Spinach, Salt, Black pepper, Oil, Onion, Tomato",,"An Egyptian dish made with Spinach, Salt, Black pepper, Oil, Onion, Tomato, prepared in a بالبصل style.",,Vegetarian,Low,4.6,50,2,3,5
1130,Molokhia Peas fried,"Peas, Salt, Black pepper, Oil, Onion, Tomato",,"An Egyptian dish made with Peas, Salt, Black pepper, Oil, Onion, Tomato, prepared in a مقلي style.",,Vegetarian,Low,4.7,35,0.2,3.5,6.5
1134,Stuffed Beef spicy,"Beef, Salt, Black pepper, Oil, Onion, Tomato",,"An Egyptian dish made with Beef, Salt, Black pepper, Oil, Onion, Tomato, prepared in a سبايسي style.",,Meat,Medium,4.7,175,8,10,18
1138,Fattah Potato baladi,"Potato, Salt, Black pepper, Oil, Onion, Tomato",,"An Egyptian dish made with Potato, Salt, Black pepper, Oil, Onion, Tomato, prepared in a بلدي style.",,Vegetarian,Medium,4.1,170,5,4.5,27
1139,Tray Bake Potato with sauce,"Potato, Salt, Black pepper, Oil, Onion, Tomato",,"An Egyptian dish made with Potato, Salt, Black pepper, Oil, Onion, Tomato, prepared in a بالصلصة style.",,Vegetarian,Medium,4.7,148,5,3,23
1142,Soup Peas fried,"Peas, Salt, Black pepper, Oil, Onion, Tomato",,"An Egyptian dish made with Peas, Salt, Black pepper, Oil, Onion, Tomato, prepared in a مقلي style.",,Vegetarian,Low,4.2,228,14.2,16.8,9.7
1148,Soup Garlic fried,"Garlic, Salt, Black pepper, Oil, Onion, Tomato",,"An Egyptian dish made with Garlic, Salt, Black pepper, Oil, Onion, Tomato, prepared in a مقلي style.",,Vegetarian,Low,4.8,228,14.2,16.8,9.7
1151,Soup Garlic spicy,"Garlic, Salt, Black pepper, Oil, Onion, Tomato",,"An Egyptian dish made with Garlic, Salt, Black pepper, Oil, Onion, Tomato, prepared in a سبايسي style.",,Vegetarian,Low,4.2,58,2,2.5,7.5
1159,Soup Tomato with sauce,"Tomato, Salt, Black pepper, Oil, Onion, Tomato",,"An Egyptian dish made with Tomato, Salt, Black pepper, Oil, Onion, Tomato, prepared in a بالصلصة style.",,Vegetarian,Low,3.9,55,1.5,1.5,9
1192,Okra Tomato baladi,"Tomato, Salt, Black pepper, Oil, Onion, Tomato",,"An Egyptian dish made with Tomato, Salt, Black pepper, Oil, Onion, Tomato, prepared in a بلدي style.",,Vegetarian,Low,4.5,142,7.1,14.8,9.7
1217,Tray Bake Potato baladi,"Potato, Salt, Black pepper, Oil, Onion, Tomato",,"An Egyptian dish made with Potato, Salt, Black pepper, Oil, Onion, Tomato, prepared in a بلدي style.",,Vegetarian,Medium,4.8,143,4.5,3,23
1231,Stuffed Spinach Alexandrian style,"Spinach, Salt, Black pepper, Oil, Onion, Tomato",,"An Egyptian dish made with Spinach, Salt, Black pepper, Oil, Onion, Tomato, prepared in a إسكندراني style.",,Vegetarian,Low,4.2,99,2.8,2,16.8
1235,Soup Rice with sauce,"Rice, Salt, Black pepper, Oil, Onion, Tomato",,"An Egyptian dish made with Rice, Salt, Black pepper, Oil, Onion, Tomato, prepared in a بالصلصة style.",,Vegetarian,Low,4,90,1.5,2.5,17
1242,Fattah Beef grilled,"Beef, Salt, Black pepper, Oil, Onion, Tomato",,"An Egyptian dish made with Beef, Salt, Black pepper, Oil, Onion, Tomato, prepared in a مشوي style.",,Meat,High,4.4,177,4.7,9.8,22.8
1262,Tray Bake Liver baladi,"Liver, Salt, Black pepper, Oil, Onion, Tomato",,"An Egyptian dish made with Liver, Salt, Black pepper, Oil, Onion, Tomato, prepared in a بلدي style.",,Meat,Medium,3.9,165,7,23.5,3.5
1264,Tray Bake Spinach fried,"Spinach, Salt, Black pepper, Oil, Onion, Tomato",,"An Egyptian dish made with Spinach, Salt, Black pepper, Oil, Onion, Tomato, prepared in a مقلي style.",,Vegetarian,Low,4.5,228,14.2,16.8,9.7
1274,Fava Beans Beef baladi,"Beef, Salt, Black pepper, Oil, Onion, Tomato",,"An Egyptian dish made with Beef, Salt, Black pepper, Oil, Onion, Tomato, prepared in a بلدي style.",,Meat,High,4.1,110,0.7,7.6,19.7
1283,Tagine Beef with sauce,"Beef, Salt, Black pepper, Oil, Onion, Tomato",,"An Egyptian dish made with Beef, Salt, Black pepper, Oil, Onion, Tomato, prepared in a بالصلصة style.",,Meat,High,4.5,217,11.2,27.3,0
1306,Moussaka Shrimp with onion,"Shrimp, Salt, Black pepper, Oil, Onion, Tomato",,"An Egyptian dish made with Shrimp, Salt, Black pepper, Oil, Onion, Tomato, prepared in a بالبصل style.",,Seafood,Medium,3.8,99,0.3,24,0.2
1315,Okra Fava Beans in the oven,"Fava beans, Salt, Black pepper, Oil, Onion, Tomato",,"An Egyptian dish made with Fava beans, Salt, Black pepper, Oil, Onion, Tomato, prepared in a في الفرن style.",,Vegetarian,Low,4.7,110,0.7,7.6,19.7
1321,Moussaka Potato grilled,"Potato, Salt, Black pepper, Oil, Onion, Tomato",,"An Egyptian dish made with Potato, Salt, Black pepper, Oil, Onion, Tomato, prepared in a مشوي style.",,Vegetarian,Low,3.8,93,0.1,2.5,21.2
1350,Sandwich Chicken grilled,"Chicken, Salt, Black pepper, Oil, Onion, Tomato",,"An Egyptian dish made with Chicken, Salt, Black pepper, Oil, Onion, Tomato, prepared in a مشوي style.",,Poultry,Medium,4.3,215,7.5,18,22
1360,Molokhia Rice baladi,"Rice, Salt, Black pepper, Oil, Onion, Tomato",,"An Egyptian dish made with Rice, Salt, Black pepper, Oil, Onion, Tomato, prepared in a بلدي style.",,Vegetarian,Low,3.6,35,0.2,3.5,6.5
1367,Koshari Lentils with onion,"Lentils, Salt, Black pepper, Oil, Onion, Tomato",,"An Egyptian dish made with Lentils, Salt, Black pepper, Oil, Onion, Tomato, prepared in a بالبصل style.",,Vegetarian,Low,3.9,140,3.3,4.3,23.3
1379,Soup Fava Beans fried,"Fava beans, Salt, Black pepper, Oil, Onion, Tomato",,"An Egyptian dish made with Fava beans, Salt, Black pepper, Oil, Onion, Tomato, prepared in a مقلي style.",,Vegetarian,Low,4.1,110,0.7,7.6,19.7
1382,Okra Lentils spicy,"Lentils, Salt, Black pepper, Oil, Onion, Tomato",,"An Egyptian dish made with Lentils, Salt, Black pepper, Oil, Onion, Tomato, prepared in a سبايسي style.",,Vegetarian,Low,3.9,142,7.1,14.8,9.7
1383,Fattah Beef with onion,"Beef, Salt, Black pepper, Oil, Onion, Tomato",,"An Egyptian dish made with Beef, Salt, Black pepper, Oil, Onion, Tomato, prepared in a بالبصل style.",,Meat,High,3.8,177,4.7,9.8,22.8
1391,Stuffed Tomato fried,"Tomato, Salt, Black pepper, Oil, Onion, Tomato",,"An Egyptian dish made with Tomato, Salt, Black pepper, Oil, Onion, Tomato, prepared in a مقلي style.",,Vegetarian,Low,4.2,99,2.8,2,16.8
1428,Soup Fava Beans with sauce,"Fava beans, Salt, Black pepper, Oil, Onion, Tomato",,"An Egyptian dish made with Fava beans, Salt, Black pepper, Oil, Onion, Tomato, prepared in a بالصلصة style.",,Vegetarian,Low,4.2,110,0.7,7.6,19.7
1440,Tray Bake Potato fried,"Potato, Salt, Black pepper, Oil, Onion, Tomato",,"An Egyptian dish made with Potato, Salt, Black pepper, Oil, Onion, Tomato, prepared in a مقلي style.",,Vegetarian,Low,4.5,267,12.8,3.3,35.7
1442,Tray Bake Beef baladi,"Beef, Salt, Black pepper, Oil, Onion, Tomato",,"An Egyptian dish made with Beef, Salt, Black pepper, Oil, Onion, Tomato, prepared in a بلدي style.",,Meat,High,4.2,217,11.2,27.3,0
1446,Tray Bake Liver Alexandrian style,"Liver, Salt, Black pepper, Oil, Onion, Tomato",,"An Egyptian dish made with Liver, Salt, Black pepper, Oil, Onion, Tomato, prepared in a إسكندراني style.",,Meat,High,4.8,191,7.8,24.5,3.2
1465,Soup Beef fried,"Beef, Salt, Black pepper, Oil, Onion, Tomato",,"An Egyptian dish made with Beef, Salt, Black pepper, Oil, Onion, Tomato, prepared in a مقلي style.",,Meat,High,3.9,228,14.2,16.8,9.7
1490,Fava Beans Beef fried,"Beef, Salt, Black pepper, Oil, Onion, Tomato",,"An Egyptian dish made with Beef, Salt, Black pepper, Oil, Onion, Tomato, prepared in a مقلي style.",,Meat,High,4.4,110,0.7,7.6,19.7
1496,Kofta Beef spicy,"Beef, Salt, Black pepper, Oil, Onion, Tomato",,"An Egyptian dish made with Beef, Salt, Black pepper, Oil, Onion, Tomato, prepared in a سبايسي style.",,Meat,High,4.4,177,4.7,9.8,22.8
1500,Beef Liver fried,"Liver, Salt, Black pepper, Oil, Onion, Tomato",,"An Egyptian dish made with Liver, Salt, Black pepper, Oil, Onion, Tomato, prepared in a مقلي style.",,Meat,Medium,4,200,13,21,3
1503,Molokhia Sausage baladi,"Sausage, Salt, Black pepper, Oil, Onion, Tomato",,"An Egyptian dish made with Sausage, Salt, Black pepper, Oil, Onion, Tomato, prepared in a بلدي style.",,Meat,High,3.7,35,0.2,3.5,6.5
1505,Beef Liver grilled,"Liver, Salt, Black pepper, Oil, Onion, Tomato",,"An Egyptian dish made with Liver, Salt, Black pepper, Oil, Onion, Tomato, prepared in a مشوي style.",,Meat,Medium,3.9,158,5.5,25,2
1519,Tagine Lentils spicy,"Lentils, Salt, Black pepper, Oil, Onion, Tomato",,"An Egyptian dish made with Lentils, Salt, Black pepper, Oil, Onion, Tomato, prepared in a سبايسي style.",,Vegetarian,Medium,4.8,118,2,8,19
1528,Koshari Rice with sauce,"Rice, Salt, Black pepper, Oil, Onion, Tomato",,"An Egyptian dish made with Rice, Salt, Black pepper, Oil, Onion, Tomato, prepared in a بالصلصة style.",,Vegetarian,Low,3.7,140,3.3,4.3,23.3
1556,Okra Potato baladi,"Potato, Salt, Black pepper, Oil, Onion, Tomato",,"An Egyptian dish made with Potato, Salt, Black pepper, Oil, Onion, Tomato, prepared in a بلدي style.",,Vegetarian,Low,4.3,93,0.1,2.5,21.2
1574,Tray Bake Beef with sauce,"Beef, Salt, Black pepper, Oil, Onion, Tomato",,"An Egyptian dish made with Beef, Salt, Black pepper, Oil, Onion, Tomato, prepared in a بالصلصة style.",,Meat,High,3.6,217,11.2,27.3,0
1577,Moussaka Shrimp Alexandrian style,"Shrimp, Salt, Black pepper, Oil, Onion, Tomato",,"An Egyptian dish made with Shrimp, Salt, Black pepper, Oil, Onion, Tomato, prepared in a إسكندراني style.",,Seafood,Medium,3.6,99,0.3,24,0.2
1594,Tagine Potato with sauce,"Potato, Salt, Black pepper, Oil, Onion, Tomato",,"An Egyptian dish made with Potato, Salt, Black pepper, Oil, Onion, Tomato, prepared in a بالصلصة style.",,Vegetarian,Low,3.8,93,0.1,2.5,21.2
1629,Fava Beans Onion fried,"Onion, Salt, Black pepper, Oil, Onion, Tomato",,"An Egyptian dish made with Onion, Salt, Black pepper, Oil, Onion, Tomato, prepared in a مقلي style.",,Vegetarian,Low,4.8,110,0.7,7.6,19.7
1631,Soup Shrimp fried,"Shrimp, Salt, Black pepper, Oil, Onion, Tomato",,"An Egyptian dish made with Shrimp, Salt, Black pepper, Oil, Onion, Tomato, prepared in a مقلي style.",,Seafood,Medium,4,228,14.2,16.8,9.7
1639,Koshari Spinach grilled,"Spinach, Salt, Black pepper, Oil, Onion, Tomato",,"An Egyptian dish made with Spinach, Salt, Black pepper, Oil, Onion, Tomato, prepared in a مشوي style.",,Vegetarian,Low,4.1,140,3.3,4.3,23.3
1646,Soup Onion Alexandrian style,"Onion, Salt, Black pepper, Oil, Onion, Tomato",,"An Egyptian dish made with Onion, Salt, Black pepper, Oil, Onion, Tomato, prepared in a إسكندراني style.",,Vegetarian,Low,4.3,70,2.5,2,10
1666,Tagine Potato Alexandrian style,"Potato, Salt, Black pepper, Oil, Onion, Tomato",,"An Egyptian dish made with Potato, Salt, Black pepper, Oil, Onion, Tomato, prepared in a إسكندراني style.",,Vegetarian,Medium,4.9,150,5.5,3,23
1671,Fattah Beef spicy,"Beef, Salt, Black pepper, Oil, Onion, Tomato",,"An Egyptian dish made with Beef, Salt, Black pepper, Oil, Onion, Tomato, prepared in a سبايسي style.",,Meat,High,4.2,177,4.7,9.8,22.8
1672,Molokhia Potato fried,"Potato, Salt, Black pepper, Oil, Onion, Tomato",,"An Egyptian dish made with Potato, Salt, Black pepper, Oil, Onion, Tomato, prepared in a مقلي style.",,Vegetarian,Low,3.6,267,12.8,3.3,35.7
1695,Tray Bake Sausage fried,"Sausage, Salt, Black pepper, Oil, Onion, Tomato",,"An Egyptian dish made with Sausage, Salt, Black pepper, Oil, Onion, Tomato, prepared in a مقلي style.",,Meat,High,4.8,301,25.6,17.9,1.8
1697,Stuffed Zucchini spicy,"Zucchini, Salt, Black pepper, Oil, Onion, Tomato",,"An Egyptian dish made with Zucchini, Salt, Black pepper, Oil, Onion, Tomato, prepared in a سبايسي style.",,Vegetarian,Low,4.2,99,2.8,2,16.8
1711,Stuffed Okra Alexandrian style,"Okra, Salt, Black pepper, Oil, Onion, Tomato",,"An Egyptian dish made with Okra, Salt, Black pepper, Oil, Onion, Tomato, prepared in a إسكندراني style.",,Vegetarian,Low,3.5,142,7.1,14.8,9.7
1717,Tray Bake Chicken spicy,"Chicken, Salt, Black pepper, Oil, Onion, Tomato",,"An Egyptian dish made with Chicken, Salt, Black pepper, Oil, Onion, Tomato, prepared in a سبايسي style.",,Poultry,Medium,4.1,187,7.4,28.3,0
1727,Soup Zucchini Alexandrian style,"Zucchini, Salt, Black pepper, Oil, Onion, Tomato",,"An Egyptian dish made with Zucchini, Salt, Black pepper, Oil, Onion, Tomato, prepared in a إسكندراني style.",,Vegetarian,Low,4.8,21,0.4,1.5,3.9
1732,Tray Bake Liver in the oven,"Liver, Salt, Black pepper, Oil, Onion, Tomato",,"An Egyptian dish made with Liver, Salt, Black pepper, Oil, Onion, Tomato, prepared in a في الفرن style.",,Meat,High,4.6,172,6.5,24.5,0.9
1741,Soup Chicken with sauce,"Chicken, Salt, Black pepper, Oil, Onion, Tomato",,"An Egyptian dish made with Chicken, Salt, Black pepper, Oil, Onion, Tomato, prepared in a بالصلصة style.",,Poultry,Medium,3.8,187,7.4,28.3,0
1755,Molokhia Rice fried,"Rice, Salt, Black pepper, Oil, Onion, Tomato",,"An Egyptian dish made with Rice, Salt, Black pepper, Oil, Onion, Tomato, prepared in a مقلي style.",,Vegetarian,Low,3.8,35,0.2,3.5,6.5
1757,Fava Beans Shrimp in the oven,"Shrimp, Salt, Black pepper, Oil, Onion, Tomato",,"An Egyptian dish made with Shrimp, Salt, Black pepper, Oil, Onion, Tomato, prepared in a في الفرن style.",,Seafood,Medium,3.9,110,0.7,7.6,19.7
1761,Okra Tomato with sauce,"Tomato, Salt, Black pepper, Oil, Onion, Tomato",,"An Egyptian dish made with Tomato, Salt, Black pepper, Oil, Onion, Tomato, prepared in a بالصلصة style.",,Vegetarian,Low,3.7,142,7.1,14.8,9.7
1773,Koshari Spinach Alexandrian style,"Spinach, Salt, Black pepper, Oil, Onion, Tomato",,"An Egyptian dish made with Spinach, Salt, Black pepper, Oil, Onion, Tomato, prepared in a إسكندراني style.",,Vegetarian,Low,4.9,140,3.3,4.3,23.3
1785,Kebab Sausage fried,"Sausage, Salt, Black pepper, Oil, Onion, Tomato",,"An Egyptian dish made with Sausage, Salt, Black pepper, Oil, Onion, Tomato, prepared in a مقلي style.",,Meat,High,3.6,258,16.5,25.6,0
1788,Tray Bake Peas spicy,"Peas, Salt, Black pepper, Oil, Onion, Tomato",,"An Egyptian dish made with Peas, Salt, Black pepper, Oil, Onion, Tomato, prepared in a سبايسي style.",,Vegetarian,Low,3.6,84,0.2,5.4,15.6
1793,Tagine Chicken Alexandrian style,"Chicken, Salt, Black pepper, Oil, Onion, Tomato",,"An Egyptian dish made with Chicken, Salt, Black pepper, Oil, Onion, Tomato, prepared in a إسكندراني style.",,Poultry,Medium,4,187,7.4,28.3,0
1807,Soup Okra fried,"Okra, Salt, Black pepper, Oil, Onion, Tomato",,"An Egyptian dish made with Okra, Salt, Black pepper, Oil, Onion, Tomato, prepared in a مقلي style.",,Vegetarian,Low,4.8,142,7.1,14.8,9.7
1813,Soup Sausage spicy,"Sausage, Salt, Black pepper, Oil, Onion, Tomato",,"An Egyptian dish made with Sausage, Salt, Black pepper, Oil, Onion, Tomato, prepared in a سبايسي style.",,Meat,High,4.8,301,25.6,17.9,1.8
1818,Beef Liver in the oven,"Liver, Salt, Black pepper, Oil, Onion, Tomato",,"An Egyptian dish made with Liver, Salt, Black pepper, Oil, Onion, Tomato, prepared in a في الفرن style.",,Meat,High,4.4,172,6.5,24.5,0.9
1827,Stuffed Beef fried,"Beef, Salt, Black pepper, Oil, Onion, Tomato",,"An Egyptian dish made with Beef, Salt, Black pepper, Oil, Onion, Tomato, prepared in a مقلي style.",,Meat,High,4.1,99,2.8,2,16.8
1843,Kofta Beef Alexandrian style,"Beef, Salt, Black pepper, Oil, Onion, Tomato",,"An Egyptian dish made with Beef, Salt, Black pepper, Oil, Onion, Tomato, prepared in a إسكندراني style.",,Meat,High,3.6,177,4.7,9.8,22.8
1874,Okra Potato Alexandrian style,"Potato, Salt, Black pepper, Oil, Onion, Tomato",,"An Egyptian dish made with Potato, Salt, Black pepper, Oil, Onion, Tomato, prepared in a إسكندراني style.",,Vegetarian,Low,4.7,93,0.1,2.5,21.2
1899,Salad Onion baladi,"Onion, Salt, Black pepper, Oil, Onion, Tomato",,"An Egyptian dish made with Onion, Salt, Black pepper, Oil, Onion, Tomato, prepared in a بلدي style.",,Vegetarian,Low,4.4,40,0.5,1,9
1903,Sandwich Liver grilled,"Liver, Salt, Black pepper, Oil, Onion, Tomato",,"An Egyptian dish made with Liver, Salt, Black pepper, Oil, Onion, Tomato, prepared in a مشوي style.",,Meat,High,4,172,6.5,24.5,0.9
1907,Koshari Spinach baladi,"Spinach, Salt, Black pepper, Oil, Onion, Tomato",,"An Egyptian dish made with Spinach, Salt, Black pepper, Oil, Onion, Tomato, prepared in a بلدي style.",,Vegetarian,Low,4.8,140,3.3,4.3,23.3
1910,Tagine Sausage grilled,"Sausage, Salt, Black pepper, Oil, Onion, Tomato",,"An Egyptian dish made with Sausage, Salt, Black pepper, Oil, Onion, Tomato, prepared in a مشوي style.",,Meat,High,3.7,301,25.6,17.9,1.8
1935,Okra Potato fried,"Potato, Salt, Black pepper, Oil, Onion, Tomato",,"An Egyptian dish made with Potato, Salt, Black pepper, Oil, Onion, Tomato, prepared in a مقلي style.",,Vegetarian,Low,3.7,267,12.8,3.3,35.7
1939,Soup Sausage baladi,"Sausage, Salt, Black pepper, Oil, Onion, Tomato",,"An Egyptian dish made with Sausage, Salt, Black pepper, Oil, Onion, Tomato, prepared in a بلدي style.",,Meat,High,4.6,301,25.6,17.9,1.8
1940,Tagine Beef fried,"Beef, Salt, Black pepper, Oil, Onion, Tomato",,"An Egyptian dish made with Beef, Salt, Black pepper, Oil, Onion, Tomato, prepared in a مقلي style.",,Meat,High,3.6,228,14.2,16.8,9.7
1954,Soup Tomato spicy,"Tomato, Salt, Black pepper, Oil, Onion, Tomato",,"An Egyptian dish made with Tomato, Salt, Black pepper, Oil, Onion, Tomato, prepared in a سبايسي style.",,Vegetarian,Low,3.9,58,1.5,1.5,9.5
1959,Salad Chicken Alexandrian style,"Chicken, Salt, Black pepper, Oil, Onion, Tomato",,"An Egyptian dish made with Chicken, Salt, Black pepper, Oil, Onion, Tomato, prepared in a إسكندراني style.",,Poultry,Medium,4.4,187,7.4,28.3,0
1960,Tagine Sausage fried,"Sausage, Salt, Black pepper, Oil, Onion, Tomato",,"An Egyptian dish made with Sausage, Salt, Black pepper, Oil, Onion, Tomato, prepared in a مقلي style.",,Meat,High,4,301,25.6,17.9,1.8
2003,Beef Liver with onion,"Liver, Salt, Black pepper, Oil, Onion, Tomato",,"An Egyptian dish made with Liver, Salt, Black pepper, Oil, Onion, Tomato, prepared in a بالبصل style.",,Meat,Medium,4.7,170,7.5,23,4
2027,Tagine Sausage Alexandrian style,"Sausage, Salt, Black pepper, Oil, Onion, Tomato",,"An Egyptian dish made with Sausage, Salt, Black pepper, Oil, Onion, Tomato, prepared in a إسكندراني style.",,Meat,High,4.2,301,25.6,17.9,1.8
2030,Tagine Shrimp grilled,"Shrimp, Salt, Black pepper, Oil, Onion, Tomato",,"An Egyptian dish made with Shrimp, Salt, Black pepper, Oil, Onion, Tomato, prepared in a مشوي style.",,Seafood,Medium,3.6,198,9.3,26.4,0.8
2035,Soup Potato with sauce,"Potato, Salt, Black pepper, Oil, Onion, Tomato",,"An Egyptian dish made with Potato, Salt, Black pepper, Oil, Onion, Tomato, prepared in a بالصلصة style.",,Vegetarian,Low,4.4,93,0.1,2.5,21.2
2038,Tray Bake Sausage in the oven,"Sausage, Salt, Black pepper, Oil, Onion, Tomato",,"An Egyptian dish made with Sausage, Salt, Black pepper, Oil, Onion, Tomato, prepared in a في الفرن style.",,Meat,High,3.6,301,25.6,17.9,1.8
2066,Okra Fava Beans Alexandrian style,"Fava beans, Salt, Black pepper, Oil, Onion, Tomato",,"An Egyptian dish made with Fava beans, Salt, Black pepper, Oil, Onion, Tomato, prepared in a إسكندراني style.",,Vegetarian,Low,3.6,110,0.7,7.6,19.7
2069,Salad Onion grilled,"Onion, Salt, Black pepper, Oil, Onion, Tomato",,"An Egyptian dish made with Onion, Salt, Black pepper, Oil, Onion, Tomato, prepared in a مشوي style.",,Vegetarian,Low,4.8,198,9.3,26.4,0.8
2087,Kebab Beef with sauce,"Beef, Salt, Black pepper, Oil, Onion, Tomato",,"An Egyptian dish made with Beef, Salt, Black pepper, Oil, Onion, Tomato, prepared in a بالصلصة style.",,Meat,High,3.9,258,16.5,25.6,0
2095,Okra Lentils Alexandrian style,"Lentils, Salt, Black pepper, Oil, Onion, Tomato",,"An Egyptian dish made with Lentils, Salt, Black pepper, Oil, Onion, Tomato, prepared in a إسكندراني style.",,Vegetarian,Low,3.6,142,7.1,14.8,9.7
2140,Molokhia Fava Beans grilled,"Fava beans, Salt, Black pepper, Oil, Onion, Tomato",,"An Egyptian dish made with Fava beans, Salt, Black pepper, Oil, Onion, Tomato, prepared in a مشوي style.",,Vegetarian,Low,3.7,35,0.2,3.5,6.5
2153,Tray Bake Spinach baladi,"Spinach, Salt, Black pepper, Oil, Onion, Tomato",,"An Egyptian dish made with Spinach, Salt, Black pepper, Oil, Onion, Tomato, prepared in a بلدي style.",,Vegetarian,Low,4.6,75,3.5,4.5,6.5
2159,Tray Bake Sausage baladi,"Sausage, Salt, Black pepper, Oil, Onion, Tomato",,"An Egyptian dish made with Sausage, Salt, Black pepper, Oil, Onion, Tomato, prepared in a بلدي style.",,Meat,High,4.5,301,25.6,17.9,1.8
2169,Salad Fava Beans baladi,"Fava beans, Salt, Black pepper, Oil, Onion, Tomato",,"An Egyptian dish made with Fava beans, Salt, Black pepper, Oil, Onion, Tomato, prepared in a بلدي style.",,Vegetarian,Low,4.4,110,0.7,7.6,19.7
2200,Soup Potato Alexandrian style,"Potato, Salt, Black pepper, Oil, Onion, Tomato",,"An Egyptian dish made with Potato, Salt, Black pepper, Oil, Onion, Tomato, prepared in a إسكندراني style.",,Vegetarian,Low,4.8,93,0.1,2.5,21.2
2219,Moussaka Potato Alexandrian style,"Potato, Salt, Black pepper, Oil, Onion, Tomato",,"An Egyptian dish made with Potato, Salt, Black pepper, Oil, Onion, Tomato, prepared in a إسكندراني style.",,Vegetarian,Low,3.6,93,0.1,2.5,21.2
2258,Tray Bake Chicken fried,"Chicken, Salt, Black pepper, Oil, Onion, Tomato",,"An Egyptian dish made with Chicken, Salt, Black pepper, Oil, Onion, Tomato, prepared in a مقلي style.",,Poultry,Medium,4.9,246,12.1,30.6,2.8
2262,Tray Bake Shrimp Alexandrian style,"Shrimp, Salt, Black pepper, Oil, Onion, Tomato",,"An Egyptian dish made with Shrimp, Salt, Black pepper, Oil, Onion, Tomato, prepared in a إسكندراني style.",,Seafood,Medium,3.7,99,0.3,24,0.2
2270,Tray Bake Shrimp spicy,"Shrimp, Salt, Black pepper, Oil, Onion, Tomato",,"An Egyptian dish made with Shrimp, Salt, Black pepper, Oil, Onion, Tomato, prepared in a سبايسي style.",,Seafood,Medium,4.4,99,0.3,24,0.2
2282,Stuffed Okra with sauce,"Okra, Salt, Black pepper, Oil, Onion, Tomato",,"An Egyptian dish made with Okra, Salt, Black pepper, Oil, Onion, Tomato, prepared in a بالصلصة style.",,Vegetarian,Low,4.6,142,7.1,14.8,9.7
2294,Moussaka Potato spicy,"Potato, Salt, Black pepper, Oil, Onion, Tomato",,"An Egyptian dish made with Potato, Salt, Black pepper, Oil, Onion, Tomato, prepared in a سبايسي style.",,Vegetarian,Medium,3.8,145,6,3.5,20
2296,Stuffed Zucchini Alexandrian style,"Zucchini, Salt, Black pepper, Oil, Onion, Tomato",,"An Egyptian dish made with Zucchini, Salt, Black pepper, Oil, Onion, Tomato, prepared in a إسكندراني style.",,Vegetarian,Low,4,99,2.8,2,16.8
2319,Tray Bake Spinach with sauce,"Spinach, Salt, Black pepper, Oil, Onion, Tomato",,"An Egyptian dish made with Spinach, Salt, Black pepper, Oil, Onion, Tomato, prepared in a بالصلصة style.",,Vegetarian,Low,3.9,78,4,4.5,7
2320,Soup Garlic with sauce,"Garlic, Salt, Black pepper, Oil, Onion, Tomato",,"An Egyptian dish made with Garlic, Salt, Black pepper, Oil, Onion, Tomato, prepared in a بالصلصة style.",,Vegetarian,Low,4.3,65,2.5,2.5,8
2326,Stuffed Zucchini baladi,"Zucchini, Salt, Black pepper, Oil, Onion, Tomato",,"An Egyptian dish made with Zucchini, Salt, Black pepper, Oil, Onion, Tomato, prepared in a بلدي style.",,Vegetarian,Low,4.5,99,2.8,2,16.8
2333,Molokhia Potato with sauce,"Potato, Salt, Black pepper, Oil, Onion, Tomato",,"An Egyptian dish made with Potato, Salt, Black pepper, Oil, Onion, Tomato, prepared in a بالصلصة style.",,Vegetarian,Low,4.1,93,0.1,2.5,21.2
2336,Koshari Spinach fried,"Spinach, Salt, Black pepper, Oil, Onion, Tomato",,"An Egyptian dish made with Spinach, Salt, Black pepper, Oil, Onion, Tomato, prepared in a مقلي style.",,Vegetarian,Low,4.4,140,3.3,4.3,23.3
2340,Tray Bake Potato spicy,"Potato, Salt, Black pepper, Oil, Onion, Tomato",,"An Egyptian dish made with Potato, Salt, Black pepper, Oil, Onion, Tomato, prepared in a سبايسي style.",,Vegetarian,Medium,4.7,155,5.5,3,24
2354,Fava Beans Onion baladi,"Onion, Salt, Black pepper, Oil, Onion, Tomato",,"An Egyptian dish made with Onion, Salt, Black pepper, Oil, Onion, Tomato, prepared in a بلدي style.",,Vegetarian,Low,4.5,110,0.7,7.6,19.7
2360,Tray Bake Liver grilled,"Liver, Salt, Black pepper, Oil, Onion, Tomato",,"An Egyptian dish made with Liver, Salt, Black pepper, Oil, Onion, Tomato, prepared in a مشوي style.",,Meat,Medium,4.4,160,6,24.5,2.5
2374,Soup Liver with sauce,"Liver, Salt, Black pepper, Oil, Onion, Tomato",,"An Egyptian dish made with Liver, Salt, Black pepper, Oil, Onion, Tomato, prepared in a بالصلصة style.",,Meat,Medium,3.9,100,4.5,10.5,4.5
2376,Molokhia Fava Beans baladi,"Fava beans, Salt, Black pepper, Oil, Onion, Tomato",,"An Egyptian dish made with Fava beans, Salt, Black pepper, Oil, Onion, Tomato, prepared in a بلدي style.",,Vegetarian,Low,3.6,35,0.2,3.5,6.5
2425,Fava Beans Shrimp spicy,"Shrimp, Salt, Black pepper, Oil, Onion, Tomato",,"An Egyptian dish made with Shrimp, Salt, Black pepper, Oil, Onion, Tomato, prepared in a سبايسي style.",,Seafood,Medium,4.4,110,0.7,7.6,19.7
2436,Soup Beef baladi,"Beef, Salt, Black pepper, Oil, Onion, Tomato",,"An Egyptian dish made with Beef, Salt, Black pepper, Oil, Onion, Tomato, prepared in a بلدي style.",,Meat,High,4.1,217,11.2,27.3,0
2439,Tagine Liver Alexandrian style,"Liver, Salt, Black pepper, Oil, Onion, Tomato",,"An Egyptian dish made with Liver, Salt, Black pepper, Oil, Onion, Tomato, prepared in a إسكندراني style.",,Meat,Medium,4.1,175,8,23,4
2441,Kebab Beef Alexandrian style,"Beef, Salt, Black pepper, Oil, Onion, Tomato",,"An Egyptian dish made with Beef, Salt, Black pepper, Oil, Onion, Tomato, prepared in a إسكندراني style.",,Meat,High,3.6,258,16.5,25.6,0
2444,Tagine Liver with sauce,"Liver, Salt, Black pepper, Oil, Onion, Tomato",,"An Egyptian dish made with Liver, Salt, Black pepper, Oil, Onion, Tomato, prepared in a بالصلصة style.",,Meat,Medium,3.7,178,8.5,22.5,4.5
2445,Koshari Sausage in the oven,"Sausage, Salt, Black pepper, Oil, Onion, Tomato",,"An Egyptian dish made with Sausage, Salt, Black pepper, Oil, Onion, Tomato, prepared in a في الفرن style.",,Meat,High,3.6,140,3.3,4.3,23.3
2447,Tray Bake Shrimp with sauce,"Shrimp, Salt, Black pepper, Oil, Onion, Tomato",,"An Egyptian dish made with Shrimp, Salt, Black pepper, Oil, Onion, Tomato, prepared in a بالصلصة style.",,Seafood,Medium,4.3,99,0.3,24,0.2
2450,Moussaka Sausage fried,"Sausage, Salt, Black pepper, Oil, Onion, Tomato",,"An Egyptian dish made with Sausage, Salt, Black pepper, Oil, Onion, Tomato, prepared in a مقلي style.",,Meat,High,3.8,301,25.6,17.9,1.8
2457,Salad Fava Beans grilled,"Fava beans, Salt, Black pepper, Oil, Onion, Tomato",,"An Egyptian dish made with Fava beans, Salt, Black pepper, Oil, Onion, Tomato, prepared in a مشوي style.",,Vegetarian,Low,4.4,110,0.7,7.6,19.7
2467,Fava Beans Shrimp with sauce,"Shrimp, Salt, Black pepper, Oil, Onion, Tomato",,"An Egyptian dish made with Shrimp, Salt, Black pepper, Oil, Onion, Tomato, prepared in a بالصلصة style.",,Seafood,Medium,4.6,110,0.7,7.6,19.7
2486,Tagine Chicken baladi,"Chicken, Salt, Black pepper, Oil, Onion, Tomato",,"An Egyptian dish made with Chicken, Salt, Black pepper, Oil, Onion, Tomato, prepared in a بلدي style.",,Poultry,Medium,3.6,187,7.4,28.3,0
2489,Soup Onion baladi,"Onion, Salt, Black pepper, Oil, Onion, Tomato",,"An Egyptian dish made with Onion, Salt, Black pepper, Oil, Onion, Tomato, prepared in a بلدي style.",,Vegetarian,Low,4,65,2,2,9.5
2503,Tray Bake Shrimp in the oven,"Shrimp, Salt, Black pepper, Oil, Onion, Tomato",,"An Egyptian dish made with Shrimp, Salt, Black pepper, Oil, Onion, Tomato, prepared in a في الفرن style.",,Seafood,Medium,3.6,99,0.3,24,0.2
2534,Moussaka Sausage with onion,"Sausage, Salt, Black pepper, Oil, Onion, Tomato",,"An Egyptian dish made with Sausage, Salt, Black pepper, Oil, Onion, Tomato, prepared in a بالبصل style.",,Meat,High,4.8,301,25.6,17.9,1.8
2543,Stuffed Tomato spicy,"Tomato, Salt, Black pepper, Oil, Onion, Tomato",,"An Egyptian dish made with Tomato, Salt, Black pepper, Oil, Onion, Tomato, prepared in a سبايسي style.",,Vegetarian,Low,3.6,99,2.8,2,16.8
2557,Tagine Shrimp baladi,"Shrimp, Salt, Black pepper, Oil, Onion, Tomato",,"An Egyptian dish made with Shrimp, Salt, Black pepper, Oil, Onion, Tomato, prepared in a بلدي style.",,Seafood,Medium,4.1,99,0.3,24,0.2
2598,Soup Lentils baladi,"Lentils, Salt, Black pepper, Oil, Onion, Tomato",,"An Egyptian dish made with Lentils, Salt, Black pepper, Oil, Onion, Tomato, prepared in a بلدي style.",,Vegetarian,Low,4.4,95,1,6.5,16
2616,Tagine Potato with onion,"Potato, Salt, Black pepper, Oil, Onion, Tomato",,"An Egyptian dish made with Potato, Salt, Black pepper, Oil, Onion, Tomato, prepared in a بالبصل style.",,Vegetarian,Low,4.2,93,0.1,2.5,21.2
2689,Soup Rice baladi,"Rice, Salt, Black pepper, Oil, Onion, Tomato",,"An Egyptian dish made with Rice, Salt, Black pepper, Oil, Onion, Tomato, prepared in a بلدي style.",,Vegetarian,Low,3.7,88,1,2.5,17.5
2691,Tray Bake Chicken Alexandrian style,"Chicken, Salt, Black pepper, Oil, Onion, Tomato",,"An Egyptian dish made with Chicken, Salt, Black pepper, Oil, Onion, Tomato, prepared in a إسكندراني style.",,Poultry,Medium,4,187,7.4,28.3,0
2722,Molokhia Fava Beans Alexandrian style,"Fava beans, Salt, Black pepper, Oil, Onion, Tomato",,"An Egyptian dish made with Fava beans, Salt, Black pepper, Oil, Onion, Tomato, prepared in a إسكندراني style.",,Vegetarian,Low,4.6,35,0.2,3.5,6.5
2730,Okra Tomato with onion,"Tomato, Salt, Black pepper, Oil, Onion, Tomato",,"An Egyptian dish made with Tomato, Salt, Black pepper, Oil, Onion, Tomato, prepared in a بالبصل style.",,Vegetarian,Low,4.9,142,7.1,14.8,9.7
2750,Okra Lentils with sauce,"Lentils, Salt, Black pepper, Oil, Onion, Tomato",,"An Egyptian dish made with Lentils, Salt, Black pepper, Oil, Onion, Tomato, prepared in a بالصلصة style.",,Vegetarian,Low,4.4,142,7.1,14.8,9.7
2760,Molokhia Rice Alexandrian style,"Rice, Salt, Black pepper, Oil, Onion, Tomato",,"An Egyptian dish made with Rice, Salt, Black pepper, Oil, Onion, Tomato, prepared in a إسكندراني style.",,Vegetarian,Low,4.8,35,0.2,3.5,6.5
2772,Salad Chicken in the oven,"Chicken, Salt, Black pepper, Oil, Onion, Tomato",,"An Egyptian dish made with Chicken, Salt, Black pepper, Oil, Onion, Tomato, prepared in a في الفرن style.",,Poultry,Medium,3.6,187,7.4,28.3,0
2784,Soup Okra baladi,"Okra, Salt, Black pepper, Oil, Onion, Tomato",,"An Egyptian dish made with Okra, Salt, Black pepper, Oil, Onion, Tomato, prepared in a بلدي style.",,Vegetarian,Low,4,142,7.1,14.8,9.7
2796,Soup Peas with sauce,"Peas, Salt, Black pepper, Oil, Onion, Tomato",,"An Egyptian dish made with Peas, Salt, Black pepper, Oil, Onion, Tomato, prepared in a بالصلصة style.",,Vegetarian,Low,4.1,84,0.2,5.4,15.6
2799,Soup Liver fried,"Liver, Salt, Black pepper, Oil, Onion, Tomato",,"An Egyptian dish made with Liver, Salt, Black pepper, Oil, Onion, Tomato, prepared in a مقلي style.",,Meat,Medium,4.5,105,5,10.5,4.5
2804,Kebab Beef grilled,"Beef, Salt, Black pepper, Oil, Onion, Tomato",,"An Egyptian dish made with Beef, Salt, Black pepper, Oil, Onion, Tomato, prepared in a مشوي style.",,Meat,High,4.7,258,16.5,25.6,0
2808,Soup Tomato with onion,"Tomato, Salt, Black pepper, Oil, Onion, Tomato",,"An Egyptian dish made with Tomato, Salt, Black pepper, Oil, Onion, Tomato, prepared in a بالبصل style.",,Vegetarian,Low,4.6,52,1.5,1.5,8.5
2809,Moussaka Beef Alexandrian style,"Beef, Salt, Black pepper, Oil, Onion, Tomato",,"An Egyptian dish made with Beef, Salt, Black pepper, Oil, Onion, Tomato, prepared in a إسكندراني style.",,Meat,High,4.2,217,11.2,27.3,0
2812,Koshari Spinach with onion,"Spinach, Salt, Black pepper, Oil, Onion, Tomato",,"An Egyptian dish made with Spinach, Salt, Black pepper, Oil, Onion, Tomato, prepared in a بالبصل style.",,Vegetarian,Low,3.8,140,3.3,4.3,23.3
2848,Stuffed Spinach baladi,"Spinach, Salt, Black pepper, Oil, Onion, Tomato",,"An Egyptian dish made with Spinach, Salt, Black pepper, Oil, Onion, Tomato, prepared in a بلدي style.",,Vegetarian,Low,4.8,99,2.8,2,16.8
2857,Molokhia Liver fried,"Liver, Salt, Black pepper, Oil, Onion, Tomato",,"An Egyptian dish made with Liver, Salt, Black pepper, Oil, Onion, Tomato, prepared in a مقلي style.",,Meat,Low,4.4,95,4.5,6.5,7
2861,Soup Zucchini fried,"Zucchini, Salt, Black pepper, Oil, Onion, Tomato",,"An Egyptian dish made with Zucchini, Salt, Black pepper, Oil, Onion, Tomato, prepared in a مقلي style.",,Vegetarian,Low,4,228,14.2,16.8,9.7
2876,Kebab Sausage baladi,"Sausage, Salt, Black pepper, Oil, Onion, Tomato",,"An Egyptian dish made with Sausage, Salt, Black pepper, Oil, Onion, Tomato, prepared in a بلدي style.",,Meat,High,4.8,258,16.5,25.6,0
2882,Okra Tomato fried,"Tomato, Salt, Black pepper, Oil, Onion, Tomato",,"An Egyptian dish made with Tomato, Salt, Black pepper, Oil, Onion, Tomato, prepared in a مقلي style.",,Vegetarian,Low,4.2,142,7.1,14.8,9.7
2894,Koshari Lentils in the oven,"Lentils, Salt, Black pepper, Oil, Onion, Tomato",,"An Egyptian dish made with Lentils, Salt, Black pepper, Oil, Onion, Tomato, prepared in a في الفرن style.",,Vegetarian,Low,4.6,140,3.3,4.3,23.3
2900,Beef Liver Alexandrian style,"Liver, Salt, Black pepper, Oil, Onion, Tomato",,"An Egyptian dish made with Liver, Salt, Black pepper, Oil, Onion, Tomato, prepared in a إسكندراني style.",,Meat,Medium,4.7,165,6.5,24,3.5
2912,Kebab Beef spicy,"Beef, Salt, Black pepper, Oil, Onion, Tomato",,"An Egyptian dish made with Beef, Salt, Black pepper, Oil, Onion, Tomato, prepared in a سبايسي style.",,Meat,High,3.9,258,16.5,25.6,0
2920,Beef Liver baladi,"Liver, Salt, Black pepper, Oil, Onion, Tomato",,"An Egyptian dish made with Liver, Salt, Black pepper, Oil, Onion, Tomato, prepared in a بلدي style.",,Meat,High,4.5,172,6.5,24.5,0.9
2932,Tray Bake Beef spicy,"Beef, Salt, Black pepper, Oil, Onion, Tomato",,"An Egyptian dish made with Beef, Salt, Black pepper, Oil, Onion, Tomato, prepared in a سبايسي style.",,Meat,High,3.8,217,11.2,27.3,0
2952,Salad Rice baladi,"Rice, Salt, Black pepper, Oil, Onion, Tomato",,"An Egyptian dish made with Rice, Salt, Black pepper, Oil, Onion, Tomato, prepared in a بلدي style.",,Vegetarian,Medium,4.6,150,3,3.5,27.5
2955,Kebab Beef fried,"Beef, Salt, Black pepper, Oil, Onion, Tomato",,"An Egyptian dish made with Beef, Salt, Black pepper, Oil, Onion, Tomato, prepared in a مقلي style.",,Meat,High,4.5,258,16.5,25.6,0
2971,Soup Shrimp with sauce,"Shrimp, Salt, Black pepper, Oil, Onion, Tomato",,"An Egyptian dish made with Shrimp, Salt, Black pepper, Oil, Onion, Tomato, prepared in a بالصلصة style.",,Seafood,Medium,4,99,0.3,24,0.2
2974,Moussaka Chicken fried,"Chicken, Salt, Black pepper, Oil, Onion, Tomato",,"An Egyptian dish made with Chicken, Salt, Black pepper, Oil, Onion, Tomato, prepared in a مقلي style.",,Poultry,Medium,4.7,246,12.1,30.6,2.8
2999,Tray Bake Fish baladi,"Fish, Salt, Black pepper, Oil, Onion, Tomato",,"An Egyptian dish made with Fish, Salt, Black pepper, Oil, Onion, Tomato, prepared in a بلدي style.",,Seafood,Medium,3.9,116,2.6,22,1.7
3029,Molokhia Peas Alexandrian style,"Peas, Salt, Black pepper, Oil, Onion, Tomato",,"An Egyptian dish made with Peas, Salt, Black pepper, Oil, Onion, Tomato, prepared in a إسكندراني style.",,Vegetarian,Low,3.6,35,0.2,3.5,6.5
3083,Tagine Beef baladi,"Beef, Salt, Black pepper, Oil, Onion, Tomato",,"An Egyptian dish made with Beef, Salt, Black pepper, Oil, Onion, Tomato, prepared in a بلدي style.",,Meat,Medium,4.1,228,13,21,3.5
3089,Koshari Rice fried,"Rice, Salt, Black pepper, Oil, Onion, Tomato",,"An Egyptian dish made with Rice, Salt, Black pepper, Oil, Onion, Tomato, prepared in a مقلي style.",,Vegetarian,Low,4,140,3.3,4.3,23.3
3093,Stuffed Okra baladi,"Okra, Salt, Black pepper, Oil, Onion, Tomato",,"An Egyptian dish made with Okra, Salt, Black pepper, Oil, Onion, Tomato, prepared in a بلدي style.",,Vegetarian,Low,4.6,142,7.1,14.8,9.7
3104,Molokhia Sausage Alexandrian style,"Sausage, Salt, Black pepper, Oil, Onion, Tomato",,"An Egyptian dish made with Sausage, Salt, Black pepper, Oil, Onion, Tomato, prepared in a إسكندراني style.",,Meat,High,4.7,35,0.2,3.5,6.5
3111,Fava Beans Shrimp fried,"Shrimp, Salt, Black pepper, Oil, Onion, Tomato",,"An Egyptian dish made with Shrimp, Salt, Black pepper, Oil, Onion, Tomato, prepared in a مقلي style.",,Seafood,Medium,4.2,110,0.7,7.6,19.7
3123,Fava Beans Beef with sauce,"Beef, Salt, Black pepper, Oil, Onion, Tomato",,"An Egyptian dish made with Beef, Salt, Black pepper, Oil, Onion, Tomato, prepared in a بالصلصة style.",,Meat,High,4.3,110,0.7,7.6,19.7
3142,Salad Onion in the oven,"Onion, Salt, Black pepper, Oil, Onion, Tomato",,"An Egyptian dish made with Onion, Salt, Black pepper, Oil, Onion, Tomato, prepared in a في الفرن style.",,Vegetarian,Low,4.1,45,1.5,1,9
3150,Fava Beans Shrimp baladi,"Shrimp, Salt, Black pepper, Oil, Onion, Tomato",,"An Egyptian dish made with Shrimp, Salt, Black pepper, Oil, Onion, Tomato, prepared in a بلدي style.",,Seafood,Medium,4.2,110,0.7,7.6,19.7
3165,Stuffed Rice with sauce,"Rice, Salt, Black pepper, Oil, Onion, Tomato",,"An Egyptian dish made with Rice, Salt, Black pepper, Oil, Onion, Tomato, prepared in a بالصلصة style.",,Vegetarian,Low,3.5,99,2.8,2,16.8
3179,Soup Chicken with onion,"Chicken, Salt, Black pepper, Oil, Onion, Tomato",,"An Egyptian dish made with Chicken, Salt, Black pepper, Oil, Onion, Tomato, prepared in a بالبصل style.",,Poultry,Medium,3.8,187,7.4,28.3,0
3209,Molokhia Liver spicy,"Liver, Salt, Black pepper, Oil, Onion, Tomato",,"An Egyptian dish made with Liver, Salt, Black pepper, Oil, Onion, Tomato, prepared in a سبايسي style.",,Meat,Low,3.9,93,4.5,6.5,7
3214,Tray Bake Shrimp fried,"Shrimp, Salt, Black pepper, Oil, Onion, Tomato",,"An Egyptian dish made with Shrimp, Salt, Black pepper, Oil, Onion, Tomato, prepared in a مقلي style.",,Seafood,Medium,4,228,14.2,16.8,9.7
3271,Molokhia Fava Beans fried,"Fava beans, Salt, Black pepper, Oil, Onion, Tomato",,"An Egyptian dish made with Fava beans, Salt, Black pepper, Oil, Onion, Tomato, prepared in a مقلي style.",,Vegetarian,Low,4.3,35,0.2,3.5,6.5
3282,Soup Zucchini baladi,"Zucchini, Salt, Black pepper, Oil, Onion, Tomato",,"An Egyptian dish made with Zucchini, Salt, Black pepper, Oil, Onion, Tomato, prepared in a بلدي style.",,Vegetarian,Low,4.3,21,0.4,1.5,3.9
3319,Soup Lentils with sauce,"Lentils, Salt, Black pepper, Oil, Onion, Tomato",,"An Egyptian dish made with Lentils, Salt, Black pepper, Oil, Onion, Tomato, prepared in a بالصلصة style.",,Vegetarian,Medium,4.7,100,1.5,6.5,16.5
3336,Tagine Liver spicy,"Liver, Salt, Black pepper, Oil, Onion, Tomato",,"An Egyptian dish made with Liver, Salt, Black pepper, Oil, Onion, Tomato, prepared in a سبايسي style.",,Meat,High,4.1,172,6.5,24.5,0.9
3367,Tray Bake Potato Alexandrian style,"Potato, Salt, Black pepper, Oil, Onion, Tomato",,"An Egyptian dish made with Potato, Salt, Black pepper, Oil, Onion, Tomato, prepared in a إسكندراني style.",,Vegetarian,Medium,4.9,150,5.5,3,23
3377,Soup Potato fried,"Potato, Salt, Black pepper, Oil, Onion, Tomato",,"An Egyptian dish made with Potato, Salt, Black pepper, Oil, Onion, Tomato, prepared in a مقلي style.",,Vegetarian,Low,4.8,267,12.8,3.3,35.7
3383,Molokhia Potato grilled,"Potato, Salt, Black pepper, Oil, Onion, Tomato",,"An Egyptian dish made with Potato, Salt, Black pepper, Oil, Onion, Tomato, prepared in a مشوي style.",,Vegetarian,Low,3.8,93,0.1,2.5,21.2
3386,Chicken Crepe,"Chicken, Cheese, Bell pepper, Onion, White sauce",,"A crepe stuffed with chicken, cheese, and vegetables, cooked on a griddle",,Poultry,Medium,4.2,210,8.5,15,20
3387,Chicken Shawarma Crepe,"Chicken shawarma, Onion, Tomato, Garlic sauce",,"A crepe filled with chicken shawarma and garlic sauce, cooked on a griddle",,Poultry,Medium,4.3,215,11.2,21.8,9.4
3388,Minced Meat Crepe,"Minced meat, Onion, Pepper, Cheese",,"An Egyptian dish made with Minced meat, Onion, Pepper, Cheese, prepared in a crepe style.",,Meat,Medium,4.1,225,9.5,14,22
3389,Sausage Crepe,"Sausage, Pepper, Onion, Cheese",,"An Egyptian dish made with Sausage, Pepper, Onion, Cheese, prepared in a crepe style.",,Meat,Medium,4.2,301,25.6,17.9,1.8
3390,Hot Dog Crepe,"Hot dog, Cheese, Ketchup, Mayonnaise",,"An Egyptian dish made with Hot dog, Cheese, Ketchup, Mayonnaise, prepared in a crepe style.",,Meat,Medium,4,218,9,10,24
3391,Mixed Meat Crepe,"Chicken, Meat, Sausage, Cheese, Pepper",,"An Egyptian dish made with Chicken, Meat, Sausage, Cheese, Pepper, prepared in a crepe style.",,Meat,Medium,4.4,230,10,15,22
3392,Vegetable Crepe,"Bell pepper, Mushroom, Onion, Corn, Cheese",,"An Egyptian dish made with Bell pepper, Mushroom, Onion, Corn, Cheese, prepared in a crepe style.",,Vegetarian,Low,4.1,265,21.5,14.2,3.9
3393,Spinach Cheese Crepe,"Spinach, Cheese, White sauce",,"A crepe filled with Spinach and Cheese, prepared in a crepe style.",,Vegetarian,Low,4.3,265,21.5,14.2,3.9
3394,Mushroom Cheese Crepe,"Mushroom, Cheese, White sauce",,"A crepe filled with Mushroom and Cheese, prepared in a crepe style.",,Vegetarian,Low,4.2,265,21.5,14.2,3.9
3395,BBQ Chicken Crepe,"Chicken, BBQ sauce, Cheese, Bell pepper",,"A crepe filled with Chicken, BBQ sauce, and vegetables.",,Poultry,Medium,4.5,215,8.5,15,21
3396,Lotus Crepe,"Lotus spread, Cream",,A sweet crepe filled with Lotus spread and cream.,,Dessert,High,4.6,281,11.4,4.2,43.1
3397,Oreo Crepe,"Oreo, Chocolate, Cream",,"A sweet crepe filled with Oreo, chocolate, and cream.",,Dessert,High,4.7,281,11.4,4.2,43.1
3398,Spicy Chicken Crepe,"Chicken, Hot pepper, Cheese, White sauce",,A spicy crepe filled with Chicken and Cheese.,,Poultry,Medium,4.5,210,8.5,15,20
3399,Chicken Pane Crepe,"Fried chicken pane, Cheese, White sauce",,A crepe filled with Fried Chicken Pane and Cheese.,,Poultry,Medium,4.4,235,9.5,15,24
3400,Chicken Mushroom Crepe,"Chicken, Mushroom, Cheese, White sauce",,"A crepe filled with Chicken, Mushroom, and Cheese.",,Poultry,Medium,4.4,205,8,14,20
3401,Mix Cheese Crepe,"Mozzarella, Roumy, Cheddar",,A crepe filled with a mix of different cheeses.,,Vegetarian,Medium,4.1,220,10.5,9,23
3402,Strawberry Chocolate Crepe,"Strawberry, Chocolate, Cream",,A sweet crepe filled with Strawberry and Chocolate.,,Dessert,High,4.6,546,31.3,4.9,61.2
3403,Honey Nuts Crepe,"Honey, Nuts, Cream",,A sweet crepe filled with Honey and Nuts.,,Dessert,High,4.7,281,11.4,4.2,43.1
3404,Burger Crepe,"Burger meat, Cheese, Lettuce, Ketchup, Mayonnaise",,"A crepe filled with Burger meat, Cheese, Lettuce, Ketchup, and Mayonnaise.",,Meat,Medium,4.4,240,10,15,24
3405,Kofta Crepe,"Kofta, Onion, Pepper, White sauce",,"A crepe filled with Kofta, Onion, Pepper, and Cheese.",,Meat,Medium,4.5,177,4.7,9.8,22.8
3406,Pastrami Cheese Crepe,"Pastrami, Cheese, Pepper, Onion",,"A crepe filled with Pastrami, Cheese, Pepper, and Onion.",,Meat,Medium,4.4,220,9.5,13,21
3407,Fries Cheese Crepe,"Fries, Cheese, Ketchup",,"A crepe filled with Fries, Cheese, and Ketchup.",,Vegetarian,Low,4.3,312,14.7,3.4,41.4
3408,Meat Shawarma Crepe,"Meat shawarma, Onion, Tomato, Tahini sauce",,"A crepe filled with Meat Shawarma, Onion, Tomato, and Tahini sauce.",,Meat,Medium,4.5,215,11.2,21.8,9.4
3409,Egyptian Kabsa,"Basmati rice, Meat, Kabsa spices, Vegetables",,"Middle Eastern rice dish with Egyptian twist, spiced meat and vegetables.",,Meat,High,4.3,162,5.4,12.8,18.7
3410,Strawberry Jelly Dessert,Strawberry flavored jelly dessert.,,Strawberry flavored jelly dessert.,,Dessert,Low,4.2,281,11.4,4.2,43.1
10005,Fava Beans with Olive Oil,"Fava beans, olive oil, lemon, tomato, cumin",,Fava beans rich in plant protein and fiber,,Vegetarian,Medium,4.5,110,0.7,7.6,19.7
10010,Banana Protein Smoothie,"Whey protein, banana, milk, honey",,Post-workout protein shake for muscle building,,Smoothies & Shakes,Medium,4.5,154,2.5,15,18
10011,Chocolate Protein Smoothie,"Chocolate protein, milk, ice",,Delicious chocolate flavored protein shake,,Smoothies & Shakes,Medium,4.5,142,2,16,15
10012,Blueberry Protein Smoothie,"Blueberries, protein, yogurt, honey",,Smoothie rich in antioxidants and protein,,Smoothies & Shakes,Medium,4.5,126,1.5,12,16
10014,Coffee Protein Drink,"Coffee, protein, milk, ice",,Caffeinated protein drink for extra pre-workout energy,,Protein Shakes,Low,4.5,70,1,14,8
10016,Mango Protein Smoothie,"Mango, protein, Greek yogurt, honey",,Delicious tropical shake rich in protein,,Smoothies & Shakes,Medium,4.5,136,1.8,13,17
10018,Peanut Butter Smoothie,"Peanut butter, banana, protein, milk",,High-calorie shake for muscle mass gain,,Smoothies & Shakes,High,4.5,180,8,12,20
15006,Strawberry Banana Smoothie,"Strawberry, banana, yogurt",,Refreshing smoothie rich in vitamins,,Smoothies & Shakes,Low,4.5,75,0.5,2.8,17
15007,Mango Smoothie,"Mango, yogurt, honey",,Delicious tropical smoothie,,Smoothies & Shakes,Medium,4.5,95,0.8,2.5,22
15008,Banana Protein Smoothie,"Whey protein, banana, milk",,Protein shake for muscle building,,Smoothies & Shakes,Medium,4.5,158,2,20,15
15009,Chocolate Protein Smoothie,"Chocolate protein, milk",,Chocolate flavored protein shake,,Smoothies & Shakes,Medium,4.5,150,1.5,22,12
15010,Strawberry Protein Smoothie,"Protein, strawberry, milk",,Strawberry protein shake,,Smoothies & Shakes,Medium,4.5,152,1.8,21,13
20011,Coffee Protein Smoothie,"Protein, coffee, milk",,Coffee protein smoothie for energy,,Smoothies & Shakes,Medium,4.5,105,1.2,20,10
20015,Berry Smoothie,"Berries, banana, yogurt",,Antioxidant-rich berry smoothie,,Smoothies & Shakes,Medium,4.5,85,0.6,2.2,19
20016,Avocado Smoothie,"Avocado, milk, honey",,Creamy avocado smoothie,,Smoothies & Shakes,Medium,4.5,135,9,3,15
30002,Grilled Meat,"Beef, salt, pepper",,High protein grilled beef,,Meat,Medium,4.5,210,10.5,27,0
30003,Cottage Cheese,Cottage cheese,,Low-fat cottage cheese rich in protein,,Vegetarian,Low,4.5,98,4.3,11,3.4
30008,Watermelon Smoothie,"Watermelon, mint, lemon",,Refreshing and hydrating watermelon smoothie,,Smoothies & Shakes,Medium,4.5,30,2,0.6,7.6
30009,Pineapple Smoothie,"Pineapple, banana, yogurt",,Refreshing tropical pineapple smoothie,,Smoothies & Shakes,Medium,4.5,65,2,1.8,15
30013,Green Smoothie,"Spinach, banana, apple, water",,Healthy green smoothie rich in vitamins,,Smoothies & Shakes,Medium,4.5,52,2,1.8,13
30014,Date Milk Smoothie,"Dates, milk, cinnamon",,Traditional date milk smoothie for energy,,Smoothies & Shakes,Medium,4.5,125,2,3.5,28
30015,Hareesa,"Beef, cracked wheat, salt, cumin, cinnamon",,A popular Egyptian dish of slowly cooked beef and cracked wheat until tender and thick.,,Meat,Medium,2.9,185,7.2,14.5,16
30018,Eggs with Pastirma,"Eggs, pastirma, tomatoes, salt, pepper",,Fried eggs cooked with traditional Egyptian cured beef pastirma.,,Meat,Medium,2.5,180,12.4,15,2
30019,Clotted Cream with Honey,"Clotted cream, honey, ashta",,Thick Egyptian clotted cream served with pure honey as breakfast or snack.,,Dessert,High,2.8,320,26,4,18
30020,Ful with Eggs,"Fava beans, eggs, tomatoes, garlic, cumin",,Fava beans cooked with eggs and tomatoes in Egyptian style.,,Vegetarian,Medium,3.5,140,6,9.5,14
30021,Fish with Tahini,"Fish, tahini, lemon, garlic, parsley",,Grilled or baked fish served with rich tahini sauce and lemon.,,Seafood,Medium,2.8,165,8.3,20.5,5
30023,Bread with Ghee,"Pita bread, ghee, honey",,Fresh pita bread with Egyptian ghee and honey.,,Pastry,High,2.9,280,12,6,38
30024,Potato and Meat Tray,"Potatoes, lamb, tomatoes, onion, spices",,"Oven tray of potatoes and lamb with tomatoes, onion and spices.",,Meat,Medium,2.3,175,8,13,14
30025,Galash with Meat,"Phyllo pastry, ground beef, onion, eggs, butter",,Thin phyllo pastry filled with seasoned ground beef.,,Pastry,High,2.2,310,18,14,24
30026,Grilled Kofta,"Ground beef, onion, parsley, cumin, coriander",,Spiced ground beef fingers grilled over charcoal.,,Meat,Medium,4.2,220,14,18,4
30027,Stuffed Grape Leaves,"Grape leaves, rice, ground beef, tomatoes, lemon",,"Grape leaves stuffed with rice and meat mixture, cooked in lemon juice.",,Meat,Medium,3.3,155,6.5,8.5,18
30028,Spiced Beef Ribs,"Beef ribs, garlic, cumin, coriander, tomatoes",,Beef ribs slow-cooked with rich Egyptian spices.,,Meat,High,3.2,290,20,22,3
30029,Vegetable Soup,"Carrots, potatoes, onion, celery, salt, pepper",,Warm Egyptian vegetable soup rich in vitamins.,,Soup,Low,2.3,55,1,2,9
30030,Chicken Noodle Soup,"Chicken, vermicelli, carrots, onion, salt, spices",,Classic Egyptian chicken soup with vermicelli and vegetables.,,Soup,Low,2.2,75,2.5,7,6.5
30033,Cheese Samboosa,"Dough, white cheese, eggs, parsley",,Fried pastries stuffed with white cheese and parsley.,,Pastry,High,3.1,330,18,12,30
30035,Herb Grilled Chicken Breast,"Chicken breast, garlic, thyme, lemon, olive oil",,"Lean grilled chicken breast with fresh herbs, ideal for muscle building.",,Poultry,Low,2.3,165,3.6,31,0
30036,Tuna Vegetable Salad,"Tuna, cucumber, tomatoes, onion, lemon, olive oil",,High-protein tuna salad perfect for weight loss and muscle building.,,Salad,Low,3.3,120,4.5,18,5
30037,Boiled Eggs with Avocado,"Eggs, avocado, lemon, salt, pepper",,Protein and omega-3 rich meal ideal for pre or post workout.,,Salad,Medium,3.4,195,14,10,4
30038,Lemon Grilled Salmon,"Salmon, lemon, garlic, olive oil, thyme",,Grilled salmon rich in omega-3 and protein for heart and muscle health.,,Seafood,Medium,3.5,208,13,22,0
30039,Brown Rice with Chicken,"Brown rice, chicken breast, spices, vegetables",,Balanced meal of brown rice and grilled chicken for energy and muscle gain.,,Poultry,Medium,2.3,175,3.5,22,18
30040,Quinoa Vegetable Salad,"Quinoa, cucumber, tomatoes, carrots, lemon, olive oil",,"Quinoa salad rich in protein and fiber, suitable for keto and weight loss.",,Salad,Low,2.6,135,5,6,18
30041,Protein Pancakes,"Eggs, banana, protein powder, oats",,Healthy protein pancakes suitable as post-workout meal.,,Pastry,Medium,3.2,155,4,18,14
30042,Oats with Banana and Nuts,"Oats, banana, almonds, honey, milk",,Healthy breakfast rich in fiber and energy.,,Vegetarian,Medium,3,185,6.5,7,28
30043,Strawberry Cottage Cheese Salad,"Strawberries, cottage cheese, honey, mint",,Light and refreshing protein salad ideal for weight loss.,,Salad,Low,2.8,95,2,10,10
30044,Chicken with Grilled Vegetables,"Chicken breast, bell peppers, zucchini, onion, garlic, olive oil",,"Grilled chicken breast with colorful grilled vegetables, a complete healthy meal.",,Poultry,Low,2,140,5,24,6
30045,Spiced Red Lentils,"Red lentils, cumin, turmeric, garlic, onion",,High-protein and fiber red lentil dish suitable for muscle building.,,Vegetarian,Low,3.3,110,1,8,19
30046,Grilled Turkey Breast,"Turkey breast, garlic, herbs, olive oil, lemon",,Low-fat high-protein turkey breast ideal for diet.,,Poultry,Low,2,150,2,30,0
30047,Scrambled Egg Whites,"Egg whites, salt, pepper, light olive oil",,"Low-fat high-protein egg whites, perfect meal for muscle building.",,Vegetarian,Low,3.3,55,0.2,12.5,0.8
30048,Hummus with Olive Oil,"Boiled chickpeas, tahini, lemon, garlic, olive oil",,"Smooth hummus rich in protein and fiber, a comprehensive healthy meal.",,Vegetarian,Medium,3,175,10,8,14
30049,Chickpea Vegetable Salad,"Chickpeas, tomatoes, cucumber, parsley, lemon, olive oil",,Refreshing chickpea salad rich in plant protein and fiber.,,Salad,Low,2.4,130,4.5,7,16
30050,Chocolate Banana Protein Shake,"Banana, chocolate protein, milk, oats, nuts",,Post-workout protein shake rich in nutrients for energy recovery.,,Protein Shakes,Medium,3.2,220,5,25,22
30051,Green Clover Shake,"Spinach, banana, apple, ginger, lemon, water",,Detox green shake rich in vitamins and minerals.,,Smoothies & Shakes,Low,3.5,75,0.5,2,16
30052,Grilled Tuna Steak,"Fresh tuna, lemon, garlic, olive oil, herbs",,Grilled tuna steak rich in omega-3 and high quality protein.,,Seafood,Low,2.4,145,5,25,0
30053,Spicy Chicken Soup,"Chicken breast, chili pepper, garlic, ginger, vegetables",,Metabolism-boosting chicken soup ideal for weight loss diet.,,Soup,Low,4.3,80,2.5,12,5
30054,Grilled Sweet Potato,"Sweet potato, olive oil, cinnamon, salt",,"Grilled sweet potato rich in fiber and vitamins, a healthy carbohydrate source.",,Vegetarian,Medium,4,105,2,2,21
30055,Greek Yogurt with Berries,"Greek yogurt, strawberries, blueberries, honey",,High-protein Greek yogurt with antioxidant-rich berries.,,Dessert,Low,4,85,0.5,9,12
30056,Fish Fillet with Vegetables,"Fish fillet, bell peppers, zucchini, lemon, garlic",,"Grilled fish fillet with assorted vegetables, a complete light meal.",,Seafood,Low,3.6,130,4,22,5
30057,Keto Avocado Cheese Salad,"Avocado, feta cheese, cucumber, olives, lemon, olive oil",,"Perfect keto salad high in healthy fats and protein, low in carbs.",,Salad,Low,2.6,210,18,6,5
30058,Lean Beef Steak,"Lean beef, garlic, herbs, salt, pepper",,"Lean beef steak low in fat and rich in protein, ideal for muscle building.",,Meat,Medium,3.7,190,8,28,0
30059,Nuts and Raisins Mix,"Almonds, walnuts, raisins, cashews, pistachios",,"Nut mix rich in omega-3 and minerals, an ideal healthy snack.",,Vegetarian,High,2.2,550,45,15,25
30060,Chocolate Protein Cake,"Protein powder, dark chocolate, eggs, yogurt, oats",,Healthy low-sugar protein cake rich in protein for healthy dessert lovers.,,Dessert,Medium,3.6,180,7,20,16
30061,Vanilla Banana Shake,"Banana, vanilla protein, milk, Greek yogurt",,Light and delicious protein shake suitable post-workout.,,Protein Shakes,Medium,3.8,195,3,22,24
30062,Peanut Butter Apple Plate,"Apple, natural peanut butter",,Healthy snack of apple with natural peanut butter.,,Vegetarian,Medium,3.7,160,8,4.5,18
30063,Garlic Grilled Shrimp,"Shrimp, garlic, butter, parsley, lemon",,Garlic butter grilled shrimp rich in protein and low in fat.,,Seafood,Low,2.2,120,2,22,2
30064,Oat Honey Protein Bar,"Oats, honey, protein powder, almond butter, dark chocolate",,Homemade healthy protein bar suitable as pre-workout snack.,,Protein Shakes,Medium,3.7,250,9,18,28
30066,Basbousa with Cream,"Semolina, sugar, yogurt, cream, almonds",,Soft Egyptian basbousa with cream and almond garnish.,,Dessert,High,3.5,360,15,6,52
30067,Kunafa with Cheese,"Kunafa pastry, mozzarella, sugar syrup, rose water, ghee",,Famous oriental dessert of fine kunafa pastry stuffed with cheese and fried in ghee.,,Dessert,High,4.8,420,20,10,55
30068,Luqaimat with Honey,"Flour, yeast, water, sugar, oil, honey",,Small fried dough balls served with honey.,,Dessert,High,2.5,350,18,4,45
30069,Rose Water Muhallabia,"Milk, starch, sugar, rose water, nuts",,Delicate Egyptian milk pudding with rose water and nuts flavor.,,Dessert,Medium,2.7,180,6,5,27
30070,Balah El Sham,"Flour, butter, eggs, oil, sugar syrup",,Crispy fried pastry coated with sugar syrup.,,Dessert,High,1.8,395,22,5,48
30071,Raqaq with Cream and Honey,"Thin bread, cream, honey, nuts",,"Layers of thin bread with cream, honey and nuts.",,Dessert,High,3.6,340,18,6,42
30072,Tahini Halva with Nuts,"Tahini, sugar, mixed nuts",,Traditional Egyptian tahini halva with rich mixed nuts.,,Dessert,High,4.3,495,30,11,50
30073,Strawberry Cheesecake,"Cream cheese, strawberries, biscuit, butter, sugar, eggs",,Creamy cheesecake with fresh strawberry sauce.,,Dessert,High,2,365,22,7,37
30074,Creme Caramel,"Eggs, milk, sugar, vanilla, caramel",,Smooth egg custard with melted caramel.,,Dessert,Medium,2.5,175,5,6,27
30075,Chocolate Molten Cake,"Dark chocolate, butter, eggs, flour, sugar",,Chocolate cake with a deliciously melted center.,,Dessert,High,4.2,420,25,8,45
30076,Lemon Tart,"Flour, butter, eggs, lemon, sugar, cream",,Sweet and tangy lemon tart with a crispy biscuit base.,,Dessert,High,2.6,310,16,5,40
30077,Mango Ice Cream,"Mango, milk, cream, sugar, vanilla",,Natural creamy and refreshing mango ice cream.,,Dessert,High,2,210,10,3,30
30078,Qatayef with Cream,"Qatayef pancakes, cream, nuts, sugar syrup",,"Ramadan pancakes stuffed with cream and nuts, fried or baked.",,Dessert,High,2.3,380,18,7,50
30079,Chocolate Pudding,"Chocolate, milk, starch, sugar, vanilla",,Smooth and creamy chocolate pudding.,,Dessert,Medium,2.5,195,7,4.5,30
30080,Vanilla Bavarois,"Cream, vanilla, gelatin, milk, sugar",,Smooth French dessert with vanilla flavor.,,Dessert,Medium,2,230,14,5,23
30081,Strawberry Tart,"Flour, butter, pastry cream, fresh strawberries",,Fresh strawberry tart with smooth cream and crispy base.,,Dessert,High,3.5,285,14,5,37
30082,Chocolate Soufflé,"Dark chocolate, eggs, butter, sugar, flour",,Beautifully puffed chocolate soufflé with rich flavor.,,Dessert,High,3.6,340,18,9,38
30083,Blueberry Muffin,"Flour, blueberries, butter, sugar, eggs, milk",,Soft and fluffy muffin stuffed with fresh blueberries.,,Dessert,High,2.5,320,14,5,44
30084,Carrot Cake with Cream Cheese,"Carrots, flour, eggs, sugar, cinnamon, cream cheese",,Moist carrot cake with cream cheese frosting.,,Dessert,High,2.9,350,18,5,46
30085,Rice Pudding with Cinnamon,"Rice, milk, sugar, cinnamon, vanilla",,Creamy rice pudding with traditional cinnamon.,,Dessert,Medium,2.3,160,3.5,4,30
30087,Mango Panna Cotta,"Cream, gelatin, sugar, vanilla, mango",,Smooth Italian dessert with tropical mango sauce.,,Dessert,Medium,3,270,18,3,25
30088,Dark Chocolate with Nuts,"Dark chocolate, almonds, pistachios, cashews",,Premium dark chocolate with assorted nuts.,,Dessert,High,3.4,530,38,8,42
30089,Oat Chocolate Cookies,"Oats, chocolate chips, butter, sugar, eggs",,Crispy and crunchy oat cookies with chocolate chips.,,Dessert,High,2.8,460,22,7,62
30090,Vanilla Ice Cream with Caramel,"Cream, vanilla, sugar, caramel",,Smooth vanilla ice cream with golden caramel.,,Dessert,High,3.5,265,14,4,33
30091,Chocolate Profiteroles,"Flour, butter, eggs, chocolate, cream",,Choux balls with vanilla cream covered in dark chocolate.,,Dessert,High,3.3,410,24,7,44
30092,Pistachio Gelato,"Pistachios, milk, cream, sugar",,Authentic Italian gelato with pistachio flavor.,,Dessert,High,3.2,235,12,5,29
30093,Om Ali Soup with Pita Bread,"Pita bread, milk, sugar, cream, nuts, almonds",,Warm liquid version of the famous Egyptian Om Ali dessert.,,Dessert,High,3.2,290,14,7,35
30094,Oat Pudding with Fruits,"Oats, milk, fresh fruits, honey, cinnamon",,Healthy oat pudding with fresh fruits and honey.,,Dessert,Medium,3.2,155,3,5,28
30095,Mixed Rice,"Rice, vermicelli, ghee, salt, spices",,"Egyptian rice cooked with vermicelli fried in ghee, traditional style.",,Vegetarian,Medium,2.4,155,4.5,3,27
30096,Grilled Sujuk,"Sujuk, garlic, cumin, sweet pepper, vinegar",,Grilled sujuk seasoned with garlic and cumin in Egyptian style.,,Meat,High,3.2,350,28,18,2
30097,Fino Bread with Cheese and Dates,"Fino bread, white cheese, date paste",,A popular light Egyptian breakfast.,,Pastry,High,3.8,310,12,9,44
30098,Trotters Tagine,"Trotters, garlic, vinegar, cumin, salt, pepper",,Trotters slow-cooked with rich Egyptian spices.,,Meat,High,3.2,230,14,20,2
30099,Nutella Crepe,"Flour, eggs, milk, butter, Nutella",,Thin crepe filled with creamy Nutella.,,Pastry,High,2.1,340,16,7,45
30100,Chicken Pane with Sauce,"Chicken breast, breadcrumbs, eggs, oil, tomato sauce",,Crispy breaded chicken with tomato sauce.,,Poultry,High,3.6,265,13,22,18
30101,Egyptian Beef Burger,"Ground beef, onion, garlic, spices, burger bun",,Ground beef burger seasoned with Egyptian spices.,,Meat,High,3.2,320,18,20,25
30102,Sautéed Shrimp with Garlic,"Shrimp, garlic, butter, lemon, parsley",,Quick sautéed shrimp with garlic and butter.,,Seafood,Medium,3,135,6,20,2
30103,Asida with Honey,"Wheat flour, water, salt, honey, ghee",,Traditional Egyptian wheat porridge served with honey and ghee.,,Vegetarian,High,3.5,280,8,5,48
30104,Fish Tray with Vegetables,"Tilapia, potatoes, tomatoes, peppers, onion, oil",,Baked fish tray in oven with fresh vegetables.,,Seafood,Medium,4.1,145,5.5,18,8
30105,Egyptian Fattoush,"Toasted bread, lettuce, tomatoes, cucumber, radish, lemon, olive oil",,Fattoush salad with toasted bread and fresh vegetables.,,Salad,Low,2,85,3.5,2.5,13
30106,Garlic Herb Bread,"French bread, garlic, butter, parsley, thyme",,Crispy garlic herb bread with fresh herbs.,,Pastry,High,2.8,295,14,7,38
30107,Fish Tagine with Tomatoes,"Fish, tomatoes, onion, garlic, peppers, coriander",,Egyptian fish tagine with tomatoes and spices in the oven.,,Seafood,Low,4,120,4,17,6
30108,Freekeh with Chicken,"Freekeh, chicken, onion, cumin, cinnamon, spices",,Freekeh grain cooked with chicken and Egyptian spices.,,Poultry,Medium,3,190,5,18,20
30109,Fried Eggs with Onion,"Eggs, onion, tomatoes, oil, salt, pepper",,Fried eggs with onion and tomatoes Egyptian style.,,Vegetarian,Medium,2.7,165,12,9,4
30110,Pasta with Red Sauce,"Pasta, tomato sauce, garlic, onion, spices",,Pasta with classic Egyptian tomato sauce.,,Pasta,Medium,2,185,3,6.5,35
30111,Grilled Pigeon,"Pigeon, garlic, lemon, cumin, spices",,Egyptian pigeon grilled with spices and lemon.,,Poultry,Medium,4,210,10,28,0
30112,Halla Kebab,"Lamb, onion, tomatoes, spices, salt",,Lamb kebab cooked in pot with tomatoes and onion.,,Meat,Medium,2.8,245,16,20,5
30113,Mujaddara Soup,"Lentils, rice, fried onion, cumin, salt",,Lentil and rice soup with crispy fried onion.,,Soup,Low,2.8,95,2,5.5,16
30114,Yogurt Cucumber Salad,"Yogurt, cucumber, garlic, mint, salt",,Refreshing yogurt salad with cucumber and mint.,,Salad,Low,2.7,65,2.5,4,6
30115,Ful with Oil and Lemon,"Fava beans, olive oil, lemon, garlic, cumin",,Fava beans with olive oil and lemon Alexandrian style.,,Vegetarian,Low,3,110,4.5,7,12
30116,Mixed Grill,"Kofta, lamb ribs, chicken, kebab, sauce",,"Egyptian mixed grill platter with kofta, ribs and chicken.",,Meat,High,3.3,280,18,24,3
30117,Freekeh Soup,"Freekeh, chicken broth, onion, carrots, salt, spices",,Warm freekeh soup rich in vitamins.,,Soup,Low,3,70,1.5,4,12
30118,Chicken with Caramelized Onion,"Chicken, caramelized onion, ghee, salt, spices",,Browned chicken with caramelized onion in ghee.,,Poultry,Medium,3.1,225,13,22,6
30119,Guava with Cottage Cheese,"Guava, cottage cheese, honey",,Refreshing Egyptian light snack with guava and cheese.,,Vegetarian,Low,2.2,85,2,6,12
30120,Brown Rice Tuna Salad,"Brown rice, tuna, cucumber, coriander, lemon",,Balanced salad of brown rice and high-protein tuna.,,Salad,Medium,5,165,3.5,18,18
30121,Grilled Mackerel,"Mackerel, thyme, lemon, garlic, olive oil",,Grilled mackerel rich in omega-3 and protein.,,Seafood,Medium,3.7,190,12,20,0
30122,Kiwi Spinach Smoothie,"Kiwi, spinach, banana, coconut water, ginger",,Refreshing green smoothie rich in vitamin C and fiber.,,Smoothies & Shakes,Low,2.8,70,0.5,2,15
30123,Cauliflower Pizza with Chicken,"Cauliflower, chicken breast, tomato sauce, low-fat cheese",,"Keto pizza with cauliflower base and chicken, low in carbs.",,Poultry,Low,2.5,110,4,14,7
30124,Chickpea Broccoli Salad,"Chickpeas, broccoli, carrots, balsamic vinegar, olive oil",,Salad rich in plant protein and antioxidants.,,Salad,Low,3.5,125,5,6.5,14
30125,Strawberry Oat Shake,"Strawberries, oats, milk, protein powder, honey",,Healthy strawberry oat shake ideal post-workout.,,Protein Shakes,Medium,2.9,210,3.5,20,28
30126,Kale Avocado Salad,"Kale, avocado, lemon, olive oil, salt",,Kale salad rich in iron with avocado full of healthy fats.,,Salad,Medium,2,180,14,4,9
30127,Lemon Caper Chicken,"Chicken breast, lemon, capers, butter, broth",,Chicken breast with light lemon caper sauce.,,Poultry,Low,2.1,155,6,25,3
30128,Beef with Broccoli,"Lean beef, broccoli, garlic, light soy sauce",,"Lean beef with broccoli, a high-protein healthy meal.",,Meat,Medium,2.8,175,6.5,22,8
30129,Coconut Chia Pudding,"Chia seeds, coconut milk, honey, vanilla",,"Chia pudding rich in fiber and omega-3, a healthy breakfast.",,Dessert,Low,2.6,145,8,5,14
30130,Rocket Parmesan Salad,"Rocket, parmesan cheese, mustard, lemon, olive oil",,Peppery rocket salad with parmesan cheese.,,Salad,Low,3.7,110,8,5,4
30131,Turmeric Ginger Smoothie,"Turmeric, ginger, lemon, honey, black pepper, water",,Anti-inflammatory smoothie rich in antioxidants.,,Smoothies & Shakes,Low,3,45,0.2,0.5,10
30132,Indian Spiced Chicken Breast,"Chicken breast, curry, turmeric, garlic, yogurt",,Curry and turmeric marinated chicken breast grilled healthily.,,Poultry,Low,3,160,4,28,4
30133,Beet Carrot Juice,"Beet, carrots, apple, ginger, lemon",,Blood-cleansing juice rich in iron and vitamin C.,,Juices & Cold Drinks,Low,3.7,55,0.2,1.5,12
30134,Dates with Almonds,"Dates, almonds, sesame",,Natural snack rich in natural sugars and energy.,,Vegetarian,High,3,380,12,5,65
30135,Avocado Cacao Smoothie,"Avocado, cacao powder, banana, almond milk, honey",,Avocado cacao smoothie rich in healthy fats and antioxidants.,,Smoothies & Shakes,Medium,2.2,195,14,5,18
30136,Salmon Fillet with Mango Salsa,"Salmon, mango, red pepper, coriander, lemon",,Grilled salmon with tropical mango salsa.,,Seafood,Medium,3.8,195,11,22,8
30137,Chicken Protein Bowl,"Brown rice, chicken breast, avocado, tomatoes, lettuce",,"Complete protein bowl with chicken, avocado and brown rice.",,Poultry,Medium,4,285,10,28,22
30138,Dark Chocolate Peanut Butter Shake,"Peanut butter, dark chocolate powder, protein, milk",,Energy-rich protein shake ideal for pre-workout.,,Protein Shakes,Medium,2.8,320,12,28,26
30139,Fennel Orange Salad,"Fennel, orange, black olives, lemon, olive oil",,Refreshing salad with fennel and citrusy orange.,,Salad,Low,3.1,90,5,1.5,10
30140,Grilled Sardines,"Fresh sardines, lemon, garlic, olive oil, parsley",,Fresh grilled sardines rich in omega-3 and protein.,,Seafood,Low,3.7,145,9,16,0
30141,Boiled Soybeans (Edamame),"Soybeans, sea salt, garlic",,Boiled soybeans complete plant protein and ideal snack.,,Vegetarian,Low,3,122,5,11,10
30142,Boiled Eggs with Spinach,"Eggs, spinach, garlic, lemon, olive oil",,"Boiled eggs with cooked spinach, a meal rich in iron and protein.",,Vegetarian,Low,2.5,130,8,11,3
30143,Banana Oat Honey Smoothie,"Banana, oats, honey, milk, cinnamon",,Ideal breakfast smoothie with energy and fiber.,,Smoothies & Shakes,Medium,3.2,175,3,6,33
30144,Veal with Mushrooms,"Veal, mushrooms, garlic, cream, parsley",,Tender veal with creamy mushroom sauce.,,Meat,Medium,2.9,220,12,24,5
30145,White Bean Salad,"White beans, tomatoes, onion, parsley, olive oil, lemon",,White bean salad rich in plant protein and fiber.,,Salad,Low,2.3,140,4,8,18
30146,Vanilla Protein Berry Shake,"Vanilla protein, frozen berries, milk, banana",,"Refreshing protein shake with frozen berries, ideal post-workout.",,Protein Shakes,Low,4.7,185,2,22,22
30147,Chicken Skewers with Bell Peppers,"Chicken breast, bell peppers, onion, garlic, olive oil",,Grilled chicken skewers with colorful bell peppers rich in vitamins.,,Poultry,Low,4,150,5,22,6
30148,Raw Broccoli Salad,"Broccoli, carrots, celery, lemon, olive oil, garlic",,Raw broccoli salad full of vitamins and antioxidants.,,Salad,Low,2.7,75,4,3,7
30149,Plant Protein Bowl,"Black beans, quinoa, avocado, corn, salsa",,Complete balanced plant protein bowl.,,Vegetarian,Medium,2.5,265,9,12,35
30150,Sesame Tuna Steak,"Fresh tuna, sesame, light soy sauce, ginger",,Sesame-crusted tuna steak with light soy sauce.,,Seafood,Low,3.7,165,6,26,3
30151,Celery Apple Juice,"Celery, green apple, cucumber, ginger, lemon",,Cleansing and invigorating vegetable juice.,,Juices & Cold Drinks,Low,3.2,40,0.1,1,9
30152,Smoked Salmon Salad,"Smoked salmon, light cream cheese, lettuce, cucumber, avocado",,Luxurious smoked salmon salad high in protein and omega-3.,,Seafood,Medium,3.7,185,13,16,4
30153,Chicken Steak with Sweet Potato,"Chicken breast, sweet potato, broccoli, olive oil",,"Complete sports meal with chicken, sweet potato and broccoli.",,Poultry,Medium,2.7,230,5,26,24
30154,Cacao Banana Spinach Shake,"Cacao, banana, spinach, almond milk, protein",,Powerful green shake with natural cacao and banana.,,Protein Shakes,Medium,3.2,205,4,20,25
30155,Spicy Chili Shrimp,"Shrimp, chili peppers, garlic, tomatoes, coriander",,"Spicy shrimp that boosts metabolism, beneficial for weight loss.",,Seafood,Low,3.8,115,2.5,20,5
30156,Healthy Oat Cake,"Oats, banana, eggs, honey, cinnamon, baking powder",,Healthy oat cake without added sugar suitable for athletes.,,Dessert,Medium,2.6,175,4.5,7,28
30157,Morning Protein Plate,"Boiled eggs, cottage cheese, tomatoes, cucumber, olives",,Complete healthy nutritious breakfast protein plate.,,Vegetarian,Low,2.3,145,8,14,5
30158,Almond Protein Cookies,"Almond flour, protein powder, eggs, honey",,"Protein cookies with almond flour, low in carbs.",,Dessert,Medium,3.5,220,12,15,15
30159,Mango Barley Smoothie,"Mango, barley, milk, honey, coconut",,Tropical smoothie rich in fiber and barley minerals.,,Smoothies & Shakes,Medium,2.8,165,2,4.5,33
30160,Turkey Kofta,"Ground turkey, onion, parsley, cumin, pepper",,Low-fat high-protein turkey kofta.,,Poultry,Low,3.5,165,6,22,4
30161,Quinoa Vegetable Soup,"Quinoa, carrots, zucchini, tomatoes, garlic, salt",,"Quinoa soup rich in protein and fiber, light and nutritious.",,Soup,Low,3.8,80,2,5,13
30162,Lemon Poppy Seed Cake,"Flour, lemon, poppy seeds, eggs, butter, sugar",,Light and refreshing lemon cake with poppy seeds.,,Dessert,High,3.2,330,16,5.5,43
30163,Apple Pie,"Apples, flour, butter, sugar, cinnamon, nutmeg",,Classic apple pie with crispy crust and apple filling.,,Dessert,High,3.4,295,13,3.5,43
30164,Chocolate Pancakes,"Flour, cocoa powder, eggs, milk, sugar, butter",,Soft and fluffy chocolate pancakes for breakfast or dessert.,,Dessert,High,1.9,345,14,8,48
30165,Nutella Nut Tart,"Nutella, flour, butter, almonds, walnuts, eggs",,Rich chocolate and nut tart.,,Dessert,High,2.7,490,30,9,50
30166,Chocolate Cream Muffin,"Flour, chocolate, cream, eggs, sugar, butter",,Luxurious chocolate muffin with cream filling inside.,,Dessert,High,2.2,390,22,6,46
30167,Pistachio Ice Cream,"Pistachios, cream, milk, sugar",,"Luxurious pistachio ice cream, creamy and flavorful.",,Dessert,High,2.2,240,13,4.5,28
30168,Banana Peanut Butter Cake,"Banana, peanut butter, flour, eggs, brown sugar",,Moist banana cake with peanut butter layer.,,Dessert,High,3,370,18,8,46
30169,Cold Caramel Pudding,"Milk, caramel, starch, sugar, vanilla",,Smooth and delicious cold caramel pudding.,,Dessert,Medium,2.5,190,5.5,4,32
30170,White Chocolate Strawberry,"White chocolate, fresh strawberries",,Fresh strawberries coated in white chocolate.,,Dessert,High,1.5,320,16,3,43
30171,No-Bake Mango Cheesecake,"Cream cheese, mango, gelatin, biscuits, butter",,"No-bake mango cheesecake, easy and delicious.",,Dessert,High,3.3,355,20,5.5,40
30172,Eid Sesame Cookies,"Flour, sesame, ghee, sugar, vanilla",,Crispy Egyptian sesame ghee cookies for occasions.,,Dessert,High,2.6,445,22,7,57
30173,Cinnamon Sugar Crepe,"Thin pastry, cinnamon, powdered sugar, butter",,Crispy pastry with cinnamon and powdered sugar.,,Dessert,High,1.8,360,16,5,50
30174,Saffron Cardamom Cake,"Flour, saffron, cardamom, milk, butter, eggs, sugar",,Luxurious cake with exotic saffron and cardamom flavor.,,Dessert,High,2,340,16,5.5,45
30175,Luxury Chocolate Torte,"70% dark chocolate, butter, eggs, sugar, flour",,Luxurious dense and rich chocolate torte.,,Dessert,High,3.7,470,30,7,48
30176,Tropical Fruit Bowl,"Mango, pineapple, papaya, kiwi, lime",,Refreshing tropical fruit bowl full of vitamins.,,Dessert,Low,2.8,75,0.5,1,18
30177,Coffee Caramel Cake,"Flour, instant coffee, caramel, cream, eggs, sugar",,Distinctive coffee cake with golden caramel layer.,,Dessert,High,2.9,385,20,6,49
30178,Natural Kiwi Sorbet,"Kiwi, sugar, lemon, water",,"Natural refreshing kiwi sorbet, dairy-free.",,Dessert,Low,2.8,90,0.2,0.8,22
30179,Walnut Honey Cake,"Walnuts, honey, flour, eggs, butter, cinnamon",,Aromatic walnut cake with natural honey and cinnamon.,,Dessert,High,3.3,395,22,7,46
30180,Vanilla Panna Cotta with Red Berries,"Cream, vanilla, gelatin, sugar, red berries",,Smooth Italian panna cotta with red berry sauce.,,Dessert,Medium,2,260,17,3.5,24
30181,Cinnamon Rolls,"Flour, cinnamon, brown sugar, butter, yeast, eggs",,Soft and warm cinnamon rolls with cream layer.,,Dessert,High,3.2,415,18,7,58
30182,Banana Toffee Pie,"Banana, cream, toffee, biscuits, butter",,Delicious British banana toffee pie.,,Dessert,High,3.4,380,22,4,45
30183,Classic Crème Brûlée,"Cream, eggs, vanilla, sugar",,Classic French crème brûlée with burnt sugar crust.,,Dessert,High,2.2,300,20,5,26
30184,Lemon Soufflé,"Eggs, lemon, sugar, flour, butter",,Light and airy lemon soufflé with tangy flavor.,,Dessert,Medium,2.8,185,6,7,27
30185,Natural Peach Ice Cream,"Fresh peaches, cream, sugar, lemon juice",,Natural creamy and refreshing peach ice cream.,,Dessert,High,3.2,195,9,2.5,28
30186,Matcha Green Tea Cake,"Flour, matcha powder, eggs, sugar, butter, cream",,Luxurious Japanese matcha cake with green tea flavor.,,Dessert,High,4.1,355,18,6,46
27,Rice Pudding,"rice, milk, sugar, vanilla",,A light and nutritious dessert served hot or cold.,,Dessert,Medium,4.5,,,,
36,Tuna Salad,"tuna, lettuce, tomato, cucumber, corn, olive oil",,A nutritious salad made with tuna and fresh vegetables.,,Seafood,Medium,4.7,,,,
37,Potato Casserole with Meat,"potato, beef, onion, tomato, pepper",,Flavorful casserole of potatoes cooked with beef and vegetables.,,Meat,High,4.7,,,,
39,Tuna Mayo Salad,"tuna, mayonnaise, potato, onion, carrot",,A creamy salad combining tuna and mayonnaise.,,Seafood,High,4.4,,,,
44,Tuna Pizza,"dough, tuna, mozzarella, olives, tomato",,Delicious pizza topped with tuna and cheese.,,Pastry,High,4.5,,,,
57,Stuffed Duck with Freekeh,"Duck, freekeh, onion, spices, ghee",,Duck stuffed with freekeh and cooked until tender,,Meat,High,4.7,,,,
58,Beef Stew with Potatoes,"Beef, potatoes, onions, sauce",,Egyptian-style beef stew with onions and potatoes,,Meat,Medium,4.6,,,,
61,Rice Pudding with Mastic,"Rice, milk, sugar, mastic, nuts",,Rice pudding flavored with mastic and topped with nuts,,Dessert,Medium,4.9,,,,
68,Molokhia with Shrimp,"Molokhia, shrimp, garlic, broth",,Molokhia cooked with shrimp broth,,Seafood,Low,4.6,,,,
69,Kawarea with Garlic Butter,"Cow trotters, garlic, butter, salt",,Cow trotters cooked in garlic butter,,Meat,High,4.5,,,,
71,Stuffed Potatoes,"Potatoes, minced meat, onion, sauce",,Potatoes stuffed with minced meat and tomato sauce,,Meat,Medium,4.6,,,,
109,Date Milkshake,"Dates, milk, honey (optional)",,"A sweet and energy-boosting drink, often consumed before a workout.",,Smoothies & Shakes,High,4.7,,,,
137,Chocolate Milkshake,"Milk, chocolate ice cream, chocolate syrup",,"A rich, cold, and indulgent dessert drink.",,Smoothies & Shakes,High,4.7,,,,
138,Vanilla Milkshake,"Milk, vanilla ice cream, vanilla extract",,"A simple, creamy, and cooling sweet drink.",,Smoothies & Shakes,High,4.6,,,,
141,Classic Banana-Oat Fuel,"Banana, rolled oats, whole milk, peanut butter, honey",,"The ultimate simple bulk shake, providing carbs, protein, and healthy fats.",,Protein Shakes,High,4.9,,,,
143,Oat & Berry Breakfast Shake,"Rolled oats, mixed berries (frozen), milk, sugar",,.A refreshing and high-fiber morning shake that keeps you full for hours.,,Breakfast Shakes,Medium,4.7,,,,
144,Mango-Oat Cream Shake,"Frozen mango chunks, rolled oats, whole milk, honey",,"A delicious, fruity, and thick shake that uses seasonal Egyptian mangoes for flavor.",,Juices & Cold Drinks,Medium,4.8,,,,
145,Simple Apple-Peanut Butter Shake,"Apple (sliced), peanut butter, water or low-fat milk, cinnamon",,"A simpler, lower-fat option that's great for sustained energy throughout the day.",,Snack Shakes,Medium,4.6,,,,
147,Simple Chocolate-Oat Shake,"Oats, cocoa powder, sugar, whole milk, ice",,"A quick, chocolatey, and easy shake providing excellent carbs and calories.",,Breakfast Shakes,Medium,4.6,,,,
148,Peach & Oat Creamer,"Frozen peach slices, oats, full-fat yogurt, milk",,"A smooth, creamy, and satisfying shake with complex carbs from oats and fruit.",,Snack Shakes,Medium,4.7,,,,
149,Oatmeal Raisin Cookie Shake,"Rolled oats, whole milk, raisins, honey, cinnamon",,Tastes like a dessert but provides bulking ingredients (oats and healthy sugars).,,Dessert Shakes,High,4.9,,,,
150,Simple Peanut Butter Power Shake,"Peanut butter (extra spoon), banana, milk (extra), honey",,"Maximum calories from the easiest ingredients: focusing on fat, carbs, and protein.",,Extreme Bulking,High,5,,,,
155,Vegetable Rice,"Rice, peas, carrots, peppers",,Rice cooked with colorful vegetables,,Vegetarian,Low,4.3,,,,
158,Tuna Corn Salad,"Tuna, corn, mayonnaise, lettuce",,Cold salad with tuna and corn,,Seafood,Medium,4.5,,,,
167,Pasta with Tomato Sauce,"Pasta, tomato, garlic, oil",,Italian pasta with tomato sauce,,Pasta,Medium,4.6,,,,
178,Rice with Peas and Carrots,"Rice, peas, carrots, butter",,Light rice with vegetables,,Vegetarian,Low,4.5,,,,
184,Shrimp Rice,"Rice, shrimp, garlic, onion",,Delicious shrimp rice,,Seafood,Medium,4.8,,,,
188,Tuna Lettuce Salad,"Tuna, lettuce, tomato, olive oil",,Healthy tuna and lettuce salad,,Salad,Low,4.6,,,,
202,Spinach Pasta,"Pasta, spinach, cream, cheese",,Green spinach pasta with cream,,Pasta,Medium,4.6,,,,
207,Basmati Vegetable Rice,"Basmati rice, vegetables, spices",,Basmati rice with mixed vegetables,,Vegetarian,Low,4.5,,,,
215,Apple Cinnamon Oatmeal,"Oats, apple, cinnamon, honey",,Healthy breakfast with lasting energy,,Vegetarian,Medium,4.7,,,,
217,Tuna Avocado Salad,"Tuna, avocado, lettuce, olive oil",,Nutritious tuna salad rich in protein and healthy fats,,Salad,Medium,4.8,,,,
220,Peanut Butter Oatmeal,"Oats, peanut butter, banana",,High-protein energy breakfast,,Vegetarian,Medium,4.8,,,,
222,Fried Eggplant with Sauce,"eggplant, tomato sauce, garlic, pepper, oil",,"Fried eggplant slices dipped in flavorful tomato sauce, served as a side or main dish",,Vegetarian,Medium,4.4,,,,
234,Rice with Giblets,"rice, chicken liver, gizzards, onion, spices",,A flavorful Egyptian rice dish with chicken giblets.,,Poultry,Medium,4.6,,,,
236,Crispy Bread with Ghee,"Egyptian bread, ghee, salt",,Toasted Egyptian bread with ghee.,,Vegetarian,High,4.3,,,,
244,Rice with Browned Ghee,"rice, browned ghee, salt",,Egyptian rice flavored with browned ghee.,,Vegetarian,Medium,4.3,,,,
252,Oven-Fried Fish,"fish, oil, lemon, garlic, spices",,A healthier oven-fried fish version.,,Seafood,Low,4.5,,,,
256,Zucchini Red Sauce Casserole,"zucchini, tomato sauce, onion, garlic, pepper, oil",,Egyptian-style zucchini baked in rich tomato sauce.,,Vegetarian,Medium,4.4,,,,
259,Sweet Potato Milk Casserole,"sweet potato, milk, sugar, butter",,A creamy sweet potato casserole popular in Egypt.,,Dessert,High,4.7,,,,
271,Potato & Minced Beef Casserole,"potatoes, minced beef, onion, tomato sauce, pepper, salt",,Sliced potatoes baked with minced beef and tomato sauce.,,Meat,High,4.6,,,,
272,Freekeh with Ghee,"freekeh, ghee, salt, pepper",,Egyptian-style toasted freekeh cooked with ghee.,,Vegetarian,Medium,4.4,,,,
273,Rice Kofta in Tomato Sauce,"minced meat, ground rice, onion, tomato sauce",,Egyptian rice kofta simmered in tomato sauce.,,Meat,Medium,4.5,,,,
274,Dried Molokhia with Chicken,"dried molokhia, chicken, garlic, cilantro, broth",,Traditional dried molokhia cooked with chicken.,,Poultry,Medium,4.7,,,,
280,Zucchini Béchamel Gratin,"zucchini, béchamel, cheese, salt, pepper",,Baked zucchini gratin with creamy béchamel.,,Vegetarian,Medium,4.7,,,,
282,Stuffed Potatoes with Minced Beef,"potatoes, minced beef, onion, sauce, pepper, salt",,Carved potatoes stuffed with seasoned minced beef.,,Meat,High,4.7,,,,
285,Chicken Dawood Basha,"ground chicken, onion, tomato sauce, spices",,Chicken-based Dawood Basha.,,Poultry,Medium,4.5,,,,
290,Creamy Egyptian Chicken Rice,"rice, milk, cream, chicken, ghee, salt",,Traditional creamy baked rice with chicken.,,Poultry,High,4.8,,,,
292,Alexandrian Sausage in Sauce,"sausage, onion, pepper, tomato sauce, spices",,Spicy Alexandrian sausage in tomato sauce.,,Meat,High,4.7,,,,
304,Lemon Sautéed Chicken Liver,"chicken liver, lemon, garlic, pepper, oil",,Chicken liver sautéed with lemon and garlic.,,Poultry,Medium,4.6,,,,
306,Oven Roasted Duck,"duck, ghee, onion, salt, pepper",,Egyptian-style oven roasted duck.,,Meat,High,4.8,,,,
314,Ful Medames,"fava beans, tahini, garlic, lemon, olive oil",,Traditional stewed fava beans,,Vegetarian,Medium,4.7,,,,
318,Tamarind Juice,"tamarind, sugar, water",,Refreshing sweet-sour tamarind drink,,Beverages,Medium,4.7,,,,
321,Grilled Kofta in forn ,"minced meat, onion, parsley, spices",,Egyptian grilled kofta,,Meat,High,4.8,,,,
327,Muhallebi,"milk, cornstarch, sugar, rose water",,Rose water milk pudding,,Dessert,Medium,4.7,,,,
359,Mango Milkshake,"mango, milk, sugar, ice",,Creamy mango milkshake,,Beverages,High,4.9,,,,
366,Fattet Hummus,"toasted bread, boiled chickpeas, tahini, yogurt, ghee, toasted almonds, parsley",,"Layered Levantine dish of bread, chickpeas, tahini-yogurt sauce and ghee",,Vegetarian,High,4.8,,,,
385,Fatteh Hummus,"chickpeas, toasted bread, yogurt, garlic, tahini",,Chickpea fatteh with toasted bread and yogurt sauce,,Vegetarian,Medium,4.6,,,,
